Name,Team,G,PA,AB,H,2B,3B,HR,R,RBI,BB,SO,HBP,SB,CS,AVG,OBP,SLG,OPS,wOBA,wRC+,WAR,ADP,InterSD,InterSK,IntraSD,playerid
Juan Soto,WSN,153,662,520,163,30,3,36,113,105,135,101,4,11,5,0.313,0.455,0.587,1.042,0.438,174,7.6,3.6,2.43,0.97,0.99,20123
Mike Trout,LAA,136,585,474,133,25,3,37,99,95,97,138,10,7,2,0.282,0.411,0.580,0.991,0.413,165,6.6,12.6,3.21,-1.23,0.74,10155
José Ramírez,CLE,148,634,551,150,35,4,35,100,100,71,91,6,25,6,0.272,0.359,0.539,0.898,0.377,141,6.0,3.2,2.96,-0.19,0.82,13510
Mookie Betts,LAD,146,657,565,158,34,3,31,112,87,79,100,8,14,5,0.281,0.373,0.514,0.887,0.377,138,5.8,14.7,3.20,-0.49,0.65,13611
Trea Turner,LAD,147,650,593,180,34,5,26,106,87,47,110,5,32,7,0.303,0.358,0.506,0.864,0.368,132,5.6,1.2,3.71,0.82,1.46,16252
Vladimir Guerrero Jr.,TOR,152,650,568,173,32,2,41,107,109,74,101,6,3,2,0.305,0.389,0.584,0.973,0.408,158,5.5,4.5,4.00,-0.24,1.43,19611
Aaron Judge,NYY,145,626,541,149,25,1,38,96,98,76,166,5,5,2,0.276,0.369,0.537,0.906,0.381,141,5.3,35.4,1.98,-1.88,0.95,15640
Bryce Harper,PHI,150,647,528,146,32,2,37,105,101,106,145,6,14,4,0.277,0.400,0.556,0.956,0.400,150,5.3,7.9,3.31,1.70,0.49,11579
Freddie Freeman,LAD,152,665,572,169,34,2,32,108,98,84,107,7,6,3,0.296,0.391,0.531,0.923,0.390,147,5.1,17.9,2.52,-1.85,1.03,5361
Ronald Acuña Jr.,ATL,122,539,457,128,25,2,33,99,81,69,135,9,19,7,0.281,0.383,0.563,0.946,0.398,148,5.1,14.2,6.33,-0.32,0.52,18401
Rafael Devers,BOS,150,649,585,164,37,2,38,101,106,55,137,6,5,3,0.281,0.347,0.547,0.895,0.376,136,4.8,13.3,2.46,-0.45,1.04,17350
Will Smith,LAD,130,516,435,115,22,1,29,75,84,62,107,12,2,1,0.264,0.365,0.521,0.886,0.375,137,4.7,54.4,3.45,-0.31,0.68,19197
Carlos Correa,MIN,146,616,541,148,32,1,24,86,85,65,119,5,1,0,0.273,0.353,0.471,0.824,0.353,124,4.7,98.5,2.92,-0.55,0.84,14162
Bo Bichette,TOR,150,646,597,173,36,2,27,103,91,41,127,5,21,5,0.289,0.339,0.495,0.833,0.355,122,4.7,4.4,2.80,0.43,0.69,19612
Marcus Semien,TEX,150,666,594,154,32,2,30,95,83,66,127,3,12,4,0.259,0.335,0.471,0.806,0.345,120,4.7,40.3,2.48,-0.21,0.57,12533
Luis Robert,CHW,142,609,556,158,32,3,29,89,85,39,146,9,19,5,0.285,0.340,0.510,0.850,0.360,127,4.6,15.4,2.72,-1.73,0.48,20043
Kyle Tucker,HOU,149,609,547,152,33,4,32,87,95,54,111,4,17,4,0.279,0.346,0.530,0.876,0.369,138,4.6,12.0,3.04,-0.42,0.26,18345
Byron Buxton,MIN,128,520,480,130,31,3,30,85,76,29,127,7,16,4,0.270,0.319,0.537,0.855,0.359,128,4.6,39.0,3.79,-2.24,0.44,14161
Manny Machado,SDP,151,649,576,159,29,2,33,90,101,62,106,3,11,3,0.276,0.345,0.503,0.849,0.357,126,4.6,22.6,1.91,0.91,0.47,11493
Alex Bregman,HOU,141,606,516,138,31,1,24,83,83,77,79,7,2,1,0.268,0.368,0.471,0.839,0.361,132,4.5,89.4,3.15,-0.74,0.66,17678
Xander Bogaerts,BOS,149,638,565,161,35,1,26,93,88,63,117,4,7,2,0.285,0.359,0.490,0.849,0.362,126,4.5,45.8,3.54,0.73,0.69,12161
Wander Franco,TBR,145,622,565,165,33,7,18,89,80,48,75,5,8,4,0.291,0.350,0.471,0.821,0.351,121,4.5,58.9,3.10,-1.69,0.96,23667
Corey Seager,TEX,131,561,498,143,31,2,24,80,81,54,93,5,2,1,0.287,0.360,0.503,0.862,0.366,135,4.4,79.6,3.00,-0.46,0.87,13624
Brandon Lowe,TBR,141,595,520,133,27,2,34,91,92,62,164,8,6,2,0.255,0.342,0.513,0.855,0.362,129,4.4,78.2,2.53,-0.11,0.89,18882
Anthony Rendon,LAA,135,584,502,136,31,1,23,78,83,70,88,7,1,1,0.272,0.367,0.478,0.845,0.362,130,4.3,108.7,4.34,-0.75,0.72,12861
Trevor Story,BOS,147,633,566,147,34,4,28,92,81,55,157,8,22,6,0.259,0.332,0.481,0.813,0.346,115,4.3,33.1,3.20,1.51,0.93,12564
Matt Olson,ATL,150,643,549,145,28,1,40,97,107,80,132,9,3,1,0.265,0.365,0.537,0.902,0.380,136,4.3,34.9,2.39,0.32,1.29,14344
Bryan Reynolds,PIT,150,632,553,158,33,6,25,86,84,69,128,7,5,2,0.286,0.370,0.501,0.871,0.372,133,4.2,92.9,1.50,0.53,0.74,19326
Francisco Lindor,NYM,147,645,567,145,28,2,26,88,81,64,109,6,14,5,0.256,0.336,0.451,0.787,0.337,112,4.2,52.9,2.09,-1.25,0.57,12916
Yordan Alvarez,HOU,143,609,538,151,32,1,38,90,107,61,144,8,1,1,0.280,0.360,0.557,0.917,0.385,149,4.2,24.7,2.84,-0.01,1.27,19556
George Springer,TOR,135,596,519,136,24,2,35,97,85,66,126,8,6,2,0.263,0.353,0.521,0.874,0.371,133,4.1,56.7,3.67,-0.03,0.84,12856
Ozzie Albies,ATL,148,646,593,161,36,6,28,100,89,45,119,5,17,5,0.272,0.326,0.495,0.821,0.347,114,4.1,17.5,2.05,1.07,0.47,16556
Shohei Ohtani,LAA,143,603,518,135,25,5,38,101,94,79,173,4,22,8,0.261,0.362,0.550,0.912,0.382,144,4.0,8.2,6.40,-0.58,0.94,19755
Yasmani Grandal,CHW,123,498,402,95,16,1,25,68,69,87,120,4,1,1,0.236,0.373,0.465,0.838,0.362,129,3.9,102.7,1.68,-1.85,0.67,11368
Jonathan India,CIN,148,638,543,142,32,2,23,97,72,72,143,18,12,3,0.262,0.364,0.453,0.817,0.354,116,3.8,92.2,2.95,-1.00,0.68,21523
Jose Altuve,HOU,140,626,562,155,29,2,25,97,76,56,92,5,6,3,0.276,0.344,0.467,0.811,0.347,123,3.8,74.8,2.38,-1.60,0.69,5417
J.T. Realmuto,PHI,139,576,516,135,26,3,22,77,76,47,134,10,11,3,0.261,0.333,0.451,0.784,0.336,108,3.8,50.8,2.96,-0.26,0.28,11739
Ketel Marte,ARI,142,609,552,162,35,4,22,82,77,47,90,5,5,2,0.293,0.351,0.490,0.842,0.358,122,3.7,78.9,2.26,-1.98,0.92,13613
Salvador Perez,KCR,140,587,547,144,25,1,34,74,98,26,140,10,1,1,0.264,0.307,0.500,0.806,0.339,113,3.7,32.5,2.00,-0.18,1.12,7304
Nolan Arenado,STL,152,645,580,150,29,2,31,81,96,52,93,4,2,1,0.258,0.320,0.476,0.796,0.333,110,3.7,71.3,2.16,-0.47,0.98,9777
Matt Chapman,TOR,144,601,523,120,25,3,31,82,84,66,180,6,2,1,0.229,0.319,0.468,0.787,0.336,109,3.7,167.9,2.18,-0.55,1.31,16505
Joey Gallo,NYY,142,591,486,102,18,1,38,87,89,97,207,7,5,1,0.209,0.347,0.485,0.832,0.355,124,3.5,182.3,2.76,0.18,1.90,14128
Pete Alonso,NYM,152,649,566,147,27,2,40,89,107,66,144,14,2,1,0.259,0.348,0.527,0.875,0.370,134,3.5,46.3,2.53,-0.80,1.37,19251
Paul Goldschmidt,STL,151,659,576,159,29,2,30,95,88,75,138,4,8,2,0.276,0.361,0.491,0.852,0.360,127,3.5,47.6,3.54,-1.13,0.52,9218
Fernando Tatis Jr.,SDP,77,332,291,83,16,1,23,59,56,35,88,3,13,4,0.285,0.366,0.590,0.956,0.399,153,3.4,71.7,6.50,2.84,0.89,19709
Yoán Moncada,CHW,143,617,534,139,29,3,19,80,70,72,163,7,7,2,0.260,0.353,0.430,0.783,0.340,114,3.4,161.4,1.60,0.69,0.33,17232
Willy Adames,MIL,145,595,532,136,28,2,26,80,74,58,167,2,6,3,0.255,0.330,0.460,0.790,0.339,110,3.3,125.6,2.48,-0.21,0.40,15986
Josh Donaldson,NYY,127,533,449,111,21,0,28,76,72,74,120,5,1,1,0.247,0.357,0.483,0.841,0.360,127,3.3,179.7,1.75,-0.27,0.75,5038
Jake Cronenworth,SDP,143,602,536,146,31,5,17,82,69,53,90,8,6,3,0.272,0.345,0.444,0.789,0.340,114,3.3,128.8,1.62,0.19,0.55,18036
Ke'Bryan Hayes,PIT,141,601,543,144,32,4,15,73,64,51,126,4,12,3,0.265,0.332,0.423,0.755,0.327,104,3.3,156.7,3.71,-1.54,0.59,18577
Max Muncy,LAD,128,539,452,113,21,1,31,83,86,76,120,8,2,1,0.250,0.366,0.508,0.874,0.373,136,3.2,118.7,2.86,0.74,0.91,13301
Cedric Mullins,BAL,148,636,566,147,29,5,22,85,61,51,120,7,26,7,0.260,0.326,0.447,0.774,0.332,109,3.2,34.4,2.68,-0.59,1.46,17929
Julio Rodríguez,SEA,120,504,452,122,24,2,16,64,59,42,111,6,12,3,0.270,0.339,0.439,0.778,0.335,117,3.2,999.0,5.43,-0.30,0.70,23697
Jeimer Candelario,DET,144,607,535,137,32,3,20,72,69,64,135,6,1,1,0.256,0.342,0.438,0.780,0.338,114,3.2,247.8,2.00,0.32,0.42,13621
Tim Anderson,CHW,141,622,591,174,32,2,20,98,69,26,133,4,19,6,0.294,0.327,0.458,0.785,0.336,111,3.2,30.1,2.56,0.19,1.18,15172
Austin Riley,ATL,147,612,551,150,29,2,31,85,94,48,158,9,0,1,0.272,0.337,0.498,0.835,0.354,119,3.1,53.1,2.16,0.88,1.02,18360
Trent Grisham,SDP,138,580,504,123,26,4,19,79,65,65,132,6,15,4,0.245,0.336,0.427,0.762,0.330,108,3.1,147.5,2.78,0.67,0.85,18564
Jesse Winker,SEA,131,546,472,129,26,1,24,77,70,63,96,9,2,1,0.273,0.368,0.488,0.856,0.368,139,3.1,124.8,3.33,-0.51,0.61,13590
Rhys Hoskins,PHI,136,586,493,119,27,1,35,86,89,82,138,9,3,2,0.241,0.357,0.513,0.870,0.370,130,3.1,118.9,4.70,-0.08,1.18,16472
Jorge Polanco,MIN,145,633,574,154,32,3,25,90,81,46,110,5,9,4,0.268,0.325,0.465,0.790,0.337,114,3.1,80.5,1.87,2.15,0.32,13152
Justin Turner,LAD,130,543,476,133,24,1,22,76,78,51,88,12,2,1,0.279,0.359,0.474,0.833,0.357,125,3.0,147.6,3.23,0.05,0.67,5235
Brandon Nimmo,NYM,122,516,430,113,22,4,13,71,48,73,110,10,6,3,0.262,0.380,0.425,0.805,0.354,123,3.0,367.0,3.96,-0.23,0.63,12927
Christian Yelich,MIL,137,583,494,131,26,3,22,86,73,81,141,5,13,4,0.266,0.374,0.463,0.836,0.360,124,2.9,99.8,2.16,-0.08,0.42,11477
Tyler Stephenson,CIN,131,484,425,114,24,1,14,61,57,48,99,7,0,0,0.269,0.351,0.426,0.776,0.338,106,2.9,135.1,3.19,0.48,0.62,17988
Harrison Bader,STL,140,518,461,113,23,2,19,64,58,43,128,10,12,4,0.245,0.321,0.425,0.746,0.321,102,2.9,244.8,4.13,-0.58,0.65,18030
Tyler O'Neill,STL,139,546,492,126,23,2,31,81,82,42,167,9,13,3,0.257,0.324,0.502,0.826,0.350,121,2.9,48.0,3.68,0.32,0.54,15711
Cody Bellinger,LAD,135,541,476,115,23,3,26,74,76,59,121,3,8,2,0.242,0.327,0.464,0.791,0.336,111,2.9,121.4,4.11,-0.50,0.61,15998
Enrique Hernández,BOS,138,574,508,126,30,3,22,81,68,53,111,7,2,1,0.248,0.325,0.444,0.770,0.330,105,2.8,226.4,3.30,-0.69,0.58,10472
Javier Báez,DET,145,591,552,140,26,3,28,80,83,28,178,7,16,5,0.253,0.296,0.462,0.758,0.319,102,2.8,63.8,4.10,0.40,0.69,12979
Starling Marte,NYM,136,596,536,149,27,3,16,89,64,42,110,14,35,7,0.278,0.344,0.431,0.776,0.336,111,2.7,30.8,4.62,1.07,2.12,9241
Kyle Schwarber,PHI,137,580,492,120,21,1,36,87,84,79,157,6,2,1,0.243,0.353,0.512,0.865,0.367,128,2.7,106.5,2.52,-0.12,1.21,16478
Willson Contreras,CHC,129,524,453,111,21,1,22,69,68,52,140,15,4,3,0.246,0.341,0.444,0.785,0.340,114,2.7,110.6,1.92,-0.20,0.33,11609
Brandon Crawford,SFG,130,531,472,122,26,2,17,67,68,49,109,5,5,3,0.258,0.332,0.433,0.765,0.327,105,2.7,227.5,2.97,0.44,0.17,5343
Dansby Swanson,ATL,152,629,567,142,30,2,25,81,79,51,157,5,9,3,0.251,0.317,0.444,0.760,0.324,99,2.7,123.5,3.05,-1.01,0.49,18314
Ramón Laureano,OAK,119,499,445,113,24,2,20,66,59,37,129,12,13,4,0.254,0.325,0.454,0.779,0.334,116,2.6,268.4,3.88,-0.90,0.61,17128
Max Kepler,MIN,133,559,488,114,25,3,24,75,69,60,105,7,8,2,0.234,0.323,0.445,0.768,0.330,109,2.5,309.0,1.37,-0.70,0.77,12144
Dylan Carlson,STL,149,637,562,145,31,4,21,81,71,59,152,9,6,2,0.257,0.335,0.440,0.775,0.333,110,2.5,166.6,3.56,1.00,0.32,20126
Seiya Suzuki,CHC,125,517,450,120,24,2,22,65,67,56,101,6,8,4,0.266,0.354,0.474,0.827,0.354,123,2.5,999.0,5.46,0.30,0.29,30116
Kolten Wong,MIL,130,553,492,131,27,3,12,74,55,42,89,13,14,5,0.267,0.338,0.411,0.748,0.324,100,2.5,198.0,3.04,0.60,0.93,12532
Sean Murphy,OAK,112,421,371,84,18,1,18,47,51,41,108,7,0,0,0.226,0.314,0.422,0.736,0.319,106,2.5,241.5,2.44,-0.95,0.44,19352
Brandon Belt,SFG,124,504,432,108,22,2,26,72,70,65,122,5,3,2,0.250,0.354,0.491,0.844,0.360,127,2.5,244.7,3.61,0.71,0.47,10264
Mitch Haniger,SEA,137,616,546,136,25,2,30,87,84,54,151,9,2,1,0.249,0.324,0.468,0.792,0.338,119,2.5,108.4,3.32,0.29,0.94,14274
Luis Urías,MIL,132,516,451,113,22,2,18,66,62,53,108,9,5,2,0.251,0.340,0.427,0.767,0.333,106,2.4,223.7,2.92,0.04,0.06,16622
Gleyber Torres,NYY,137,564,502,132,25,1,19,67,68,54,112,4,11,4,0.262,0.336,0.430,0.767,0.332,109,2.4,162.3,2.93,0.92,0.39,16997
J.P. Crawford,SEA,147,630,560,142,29,2,10,75,55,58,111,6,8,3,0.253,0.328,0.364,0.692,0.305,97,2.4,501.4,2.23,-0.85,0.71,15491
Ty France,SEA,141,581,518,141,27,1,19,73,72,41,106,18,0,0,0.272,0.345,0.438,0.783,0.339,120,2.4,162.4,2.53,-0.10,0.67,17982
Bobby Witt Jr.,KCR,134,573,523,132,28,3,21,71,73,40,133,5,18,5,0.253,0.311,0.440,0.750,0.321,101,2.4,999.0,4.74,-0.71,0.86,25764
Kris Bryant,COL,142,615,534,146,33,3,27,92,83,66,134,12,7,2,0.273,0.365,0.499,0.864,0.369,118,2.4,63.3,2.17,0.87,0.45,15429
Alex Verdugo,BOS,142,597,539,154,35,2,15,80,65,49,97,4,6,2,0.286,0.348,0.440,0.788,0.339,111,2.4,174.8,1.88,-0.30,0.94,17027
Nick Castellanos,PHI,146,629,574,160,36,3,31,93,95,43,139,7,3,1,0.279,0.335,0.515,0.849,0.358,123,2.4,56.5,3.18,0.12,0.94,11737
Jean Segura,PHI,134,569,520,146,26,3,14,75,62,38,84,7,9,3,0.281,0.337,0.424,0.761,0.329,103,2.4,211.4,2.33,0.72,0.80,5933
Whit Merrifield,KCR,147,651,602,169,35,4,12,87,64,38,96,5,29,7,0.281,0.326,0.411,0.737,0.318,100,2.3,33.6,3.07,0.75,1.88,11281
DJ LeMahieu,NYY,130,577,518,145,24,2,12,76,58,52,78,4,4,2,0.280,0.347,0.402,0.750,0.327,106,2.3,131.9,4.53,0.18,0.93,9874
Mitch Garver,TEX,108,417,363,87,17,1,21,54,56,45,120,5,1,1,0.239,0.329,0.464,0.792,0.339,117,2.3,152.7,2.69,-0.15,0.42,15161
Miguel Rojas,MIA,130,525,480,128,25,2,8,62,50,37,70,6,12,4,0.268,0.326,0.381,0.707,0.308,96,2.3,516.9,1.57,-0.15,1.02,7802
Tommy Edman,STL,140,586,541,145,30,4,12,77,56,34,91,7,22,5,0.267,0.317,0.403,0.720,0.311,95,2.3,97.4,2.70,-0.68,1.44,19470
Jesús Sánchez,MIA,134,548,498,127,21,4,24,64,74,43,145,5,3,1,0.255,0.319,0.456,0.775,0.331,110,2.3,236.8,2.87,-0.86,0.45,19913
Mike Yastrzemski,SFG,130,533,471,114,27,3,23,72,68,52,133,7,4,2,0.243,0.326,0.461,0.787,0.336,112,2.3,300.1,2.27,-0.52,0.47,14854
Giancarlo Stanton,NYY,138,584,513,134,22,0,34,78,95,63,162,5,1,1,0.261,0.346,0.507,0.853,0.358,126,2.3,95.1,2.67,0.12,1.09,4949
Avisaíl García,MIA,139,569,515,136,23,1,23,72,76,40,134,10,8,3,0.264,0.327,0.445,0.773,0.331,110,2.3,176.0,2.92,0.28,0.15,5760
Jared Walsh,LAA,141,580,520,136,28,2,29,78,91,48,148,6,2,1,0.262,0.328,0.492,0.820,0.347,120,2.3,120.7,2.21,-0.62,0.85,18607
Myles Straw,CLE,143,569,504,133,24,2,4,74,42,58,110,3,31,6,0.263,0.341,0.343,0.684,0.305,92,2.3,129.8,2.50,-0.26,2.40,17620
Jacob Stallings,MIA,112,422,374,91,18,1,9,41,43,40,91,4,0,0,0.243,0.320,0.366,0.686,0.302,92,2.2,482.9,2.20,0.79,0.47,13723
Keibert Ruiz,WSN,106,418,383,103,20,1,16,48,56,30,49,5,0,0,0.270,0.329,0.449,0.778,0.334,106,2.2,146.0,2.96,-0.45,0.74,19610
Michael Conforto,,112,483,413,106,22,1,19,63,64,59,106,9,3,1,0.257,0.361,0.455,0.815,0.352,122,2.2,260.6,3.84,0.25,0.23,16376
Marcell Ozuna,ATL,128,545,485,129,21,1,27,72,82,55,118,3,2,1,0.265,0.342,0.479,0.821,0.351,117,2.2,166.7,2.28,-3.26,0.63,10324
Teoscar Hernández,TOR,144,609,557,148,29,2,34,88,98,44,165,6,11,4,0.266,0.324,0.505,0.829,0.351,120,2.2,27.1,3.54,0.26,0.57,13066
Daulton Varsho,ARI,122,466,420,106,22,3,18,63,59,40,100,5,11,2,0.253,0.325,0.452,0.776,0.333,105,2.2,91.2,4.39,0.04,0.50,19918
Anthony Rizzo,NYY,136,574,494,126,22,2,25,75,74,58,88,17,5,2,0.255,0.351,0.456,0.807,0.346,118,2.2,187.6,3.10,0.33,0.32,3473
Ian Happ,CHC,135,537,464,112,22,2,25,68,70,65,152,4,8,3,0.241,0.338,0.457,0.795,0.341,115,2.1,228.4,2.56,0.38,0.57,17919
Eloy Jiménez,CHW,139,578,535,145,28,1,31,73,91,37,141,4,1,0,0.271,0.320,0.500,0.821,0.347,119,2.1,66.0,2.82,-0.73,0.97,17484
Paul DeJong,STL,121,480,425,97,19,1,20,56,59,41,121,8,5,2,0.229,0.307,0.418,0.725,0.312,96,2.1,489.1,2.74,-1.09,0.52,18015
Adley Rutschman,BAL,89,361,315,79,16,1,12,42,42,39,68,3,2,1,0.250,0.337,0.420,0.757,0.328,106,2.1,227.1,4.42,1.06,0.62,sa3011643
Chris Taylor,LAD,134,530,466,118,26,3,18,74,68,54,147,6,10,2,0.253,0.336,0.442,0.778,0.336,111,2.1,140.6,2.08,-0.50,0.37,13757
Danny Jansen,TOR,97,349,306,72,15,1,16,45,45,33,72,5,0,0,0.235,0.319,0.442,0.760,0.327,104,2.1,395.6,2.89,-0.34,0.41,16535
J.D. Martinez,BOS,143,625,558,153,34,2,29,85,94,58,146,4,1,1,0.274,0.343,0.498,0.841,0.355,121,2.1,88.9,1.93,-0.71,0.95,6184
José Abreu,CHW,149,644,574,152,30,2,30,86,101,49,140,15,1,1,0.265,0.335,0.481,0.816,0.345,118,2.1,79.9,1.52,0.52,1.10,15676
Adam Frazier,SEA,137,570,518,138,27,3,7,69,47,40,72,8,7,4,0.266,0.328,0.374,0.702,0.308,99,2.1,420.0,2.76,0.12,0.89,15223
Ryan McMahon,COL,143,582,517,131,28,2,24,77,80,57,155,4,5,2,0.254,0.330,0.458,0.788,0.338,98,2.0,154.7,1.69,-0.09,0.46,15112
Adalberto Mondesi,KCR,120,492,458,112,22,5,16,65,55,24,144,3,43,8,0.244,0.284,0.420,0.704,0.300,88,2.0,58.1,3.00,-0.46,3.02,13769
Eugenio Suárez,SEA,127,517,453,98,17,1,27,62,71,53,150,7,1,1,0.217,0.306,0.434,0.740,0.318,106,2.0,213.8,2.58,-0.63,1.13,12552
Mike Zunino,TBR,102,369,332,67,12,1,23,47,55,30,132,6,0,0,0.202,0.280,0.456,0.736,0.313,96,2.0,257.7,2.80,-0.84,0.90,13265
Josh Bell,WSN,145,605,527,140,26,2,29,82,93,69,117,4,0,0,0.266,0.351,0.491,0.842,0.358,122,1.9,133.9,2.51,-0.61,0.96,13145
Carson Kelly,ARI,108,407,356,86,17,1,15,46,51,43,85,5,0,0,0.241,0.329,0.419,0.748,0.324,100,1.9,279.4,1.49,-0.22,0.37,13620
Alejandro Kirk,TOR,104,384,340,90,19,0,15,47,53,38,52,4,1,0,0.266,0.345,0.460,0.805,0.346,116,1.9,205.6,4.09,0.51,0.68,22581
Jeff McNeil,NYM,129,518,465,129,26,2,12,61,56,37,69,12,4,2,0.277,0.343,0.419,0.761,0.331,108,1.9,327.5,2.07,-0.85,0.79,15362
Michael Brantley,HOU,118,507,462,134,27,2,11,65,55,39,59,5,2,1,0.290,0.351,0.431,0.781,0.337,117,1.9,255.0,2.62,-0.36,1.14,4106
Joey Votto,CIN,138,589,500,128,24,1,29,80,84,81,132,4,1,1,0.255,0.362,0.482,0.844,0.357,118,1.9,142.7,2.39,-1.18,0.81,4314
Amed Rosario,CLE,139,575,539,150,26,6,13,73,60,30,115,3,14,4,0.278,0.318,0.418,0.736,0.317,100,1.9,175.7,1.48,0.01,1.01,15518
Andrew Benintendi,KCR,132,557,496,134,28,3,17,68,69,47,108,5,10,5,0.270,0.336,0.442,0.778,0.331,108,1.9,194.1,2.45,0.20,0.46,17901
Randy Arozarena,TBR,142,598,526,136,28,3,23,84,71,52,159,15,19,8,0.259,0.341,0.452,0.793,0.341,115,1.9,67.6,3.18,0.41,0.82,19290
Jonathan Schoop,DET,140,593,548,144,26,2,22,72,73,30,123,9,2,1,0.263,0.309,0.437,0.747,0.320,102,1.9,222.2,1.63,-0.41,0.45,11265
Austin Meadows,DET,134,565,501,124,27,4,25,74,82,53,123,6,6,3,0.248,0.323,0.466,0.789,0.335,113,1.9,158.7,3.09,0.22,0.56,15672
Franmil Reyes,CLE,144,594,530,135,23,1,36,77,98,54,177,3,3,1,0.256,0.324,0.507,0.831,0.350,122,1.9,121.7,3.50,-0.70,1.10,14566
Eduardo Escobar,NYM,139,581,529,129,25,4,24,68,78,45,119,3,2,1,0.243,0.303,0.437,0.740,0.315,98,1.9,204.2,2.06,0.06,0.69,6153
Max Stassi,LAA,102,383,337,76,13,1,15,45,45,35,112,7,0,0,0.226,0.307,0.404,0.711,0.309,94,1.9,304.9,2.58,0.08,0.36,10059
Jeremy Peña,HOU,115,456,418,104,18,3,15,52,49,27,114,7,9,3,0.249,0.304,0.411,0.715,0.308,97,1.8,999.0,3.96,0.73,0.64,21636
Brian Anderson,MIA,115,464,409,101,20,1,15,51,55,43,114,10,5,1,0.247,0.333,0.412,0.745,0.325,106,1.8,527.7,2.66,-1.44,0.37,18289
Jazz Chisholm Jr.,MIA,131,553,501,120,21,5,21,76,61,43,160,6,23,7,0.239,0.306,0.424,0.731,0.315,100,1.8,81.0,4.13,0.89,1.47,20454
Nathaniel Lowe,TEX,141,585,507,131,24,2,19,73,71,71,147,4,6,1,0.258,0.352,0.425,0.777,0.338,116,1.8,248.9,1.65,-0.56,0.18,19566
Nicky Lopez,KCR,136,536,479,128,21,4,3,63,41,43,76,4,16,4,0.266,0.331,0.347,0.677,0.300,88,1.8,265.2,2.60,-0.36,1.54,19339
Tommy Pham,CIN,125,510,440,114,22,2,18,71,57,64,113,4,14,4,0.260,0.358,0.442,0.801,0.347,112,1.8,234.6,3.44,-1.09,0.69,2967
Nick Madrigal,CHC,112,454,420,124,20,4,4,51,41,25,34,6,8,4,0.294,0.342,0.390,0.732,0.319,100,1.8,390.1,2.41,0.00,1.57,20521
Andrés Giménez,CLE,120,439,401,98,20,2,12,51,43,22,104,11,19,5,0.245,0.300,0.401,0.701,0.302,90,1.8,284.1,2.10,-0.13,1.45,19950
AJ Pollock,CHW,110,434,395,106,22,1,21,56,64,30,87,6,6,2,0.267,0.326,0.485,0.811,0.344,117,1.7,220.9,3.11,0.10,0.49,9256
Mark Canha,NYM,137,572,479,114,22,3,18,77,63,71,126,17,9,2,0.238,0.352,0.408,0.760,0.335,110,1.7,296.3,3.38,-0.26,0.64,11445
Omar Narváez,MIL,115,436,384,97,17,0,12,49,48,43,88,6,0,0,0.252,0.333,0.394,0.727,0.318,96,1.7,254.6,2.52,-0.68,0.43,13338
Oneil Cruz,PIT,103,419,385,100,20,3,15,54,53,30,110,2,10,3,0.260,0.317,0.449,0.766,0.328,105,1.7,222.4,6.47,-0.24,0.73,21711
Christian Vázquez,BOS,118,456,419,107,20,1,10,48,47,31,84,2,6,3,0.254,0.307,0.382,0.689,0.300,84,1.7,204.1,4.37,0.43,0.65,9774
Spencer Torkelson,DET,132,539,472,115,24,2,23,69,72,57,125,7,3,1,0.244,0.332,0.446,0.777,0.334,112,1.7,999.0,4.71,-1.00,0.46,27465
Robbie Grossman,DET,134,564,480,116,22,3,16,72,55,74,121,6,15,4,0.241,0.347,0.400,0.746,0.328,108,1.7,194.1,2.04,-0.72,1.00,5254
Adam Duvall,ATL,132,521,475,109,20,2,32,68,85,36,151,6,3,1,0.230,0.291,0.483,0.775,0.326,101,1.7,218.1,2.60,-1.00,1.22,10950
Hunter Renfroe,MIL,138,550,495,119,25,1,32,75,85,46,140,4,2,1,0.240,0.307,0.486,0.793,0.335,107,1.7,164.5,2.95,0.46,1.06,15464
Gavin Lux,LAD,112,433,387,99,19,3,12,57,52,42,96,2,5,2,0.257,0.332,0.419,0.751,0.325,104,1.7,267.7,2.71,0.95,0.46,19955
Austin Hays,BAL,132,552,508,131,26,3,21,71,69,32,113,7,6,3,0.257,0.308,0.445,0.753,0.322,102,1.7,258.2,1.97,-0.45,0.10,19363
César Hernández,WSN,132,572,513,132,23,2,14,73,56,52,115,5,3,1,0.258,0.331,0.395,0.726,0.317,95,1.7,440.6,3.46,-0.37,0.44,10556
Bobby Dalbec,BOS,127,496,442,105,21,3,30,64,76,44,165,8,3,1,0.238,0.318,0.499,0.817,0.346,116,1.7,218.8,3.14,0.22,0.89,19966
Ryan Jeffers,MIN,97,358,322,71,13,1,16,38,43,30,117,5,0,1,0.221,0.297,0.413,0.710,0.308,94,1.6,516.0,2.31,-0.12,0.56,24618
C.J. Cron,COL,136,552,487,130,27,1,29,73,87,50,123,12,1,0,0.268,0.349,0.508,0.857,0.364,115,1.6,123.9,2.61,-0.61,0.85,12546
Alex Kirilloff,MIN,123,510,470,128,26,2,20,60,68,32,107,4,4,2,0.272,0.322,0.460,0.782,0.333,111,1.6,189.1,3.80,-1.06,0.54,20325
Akil Baddoo,DET,135,546,486,119,23,7,17,72,59,53,141,3,20,5,0.244,0.320,0.426,0.746,0.321,103,1.6,152.1,4.06,0.07,1.21,22168
Tony Kemp,OAK,133,467,399,100,19,3,7,54,39,52,64,7,9,3,0.250,0.342,0.368,0.711,0.314,102,1.6,461.1,2.72,-0.01,0.91,14894
Austin Nola,SDP,95,359,319,83,17,1,9,37,42,30,59,6,1,1,0.259,0.331,0.403,0.734,0.320,100,1.6,379.4,1.60,0.78,0.82,15941
Ryan Mountcastle,BAL,145,611,559,146,28,2,30,77,87,40,155,5,4,2,0.261,0.313,0.478,0.791,0.334,110,1.6,124.3,1.28,-0.09,0.68,18373
Brendan Rodgers,COL,127,526,489,135,28,3,18,66,65,28,109,8,1,1,0.277,0.325,0.457,0.782,0.335,96,1.6,166.9,2.49,-0.20,0.70,17907
Aaron Hicks,NYY,106,429,363,83,16,1,16,54,50,59,96,4,3,1,0.228,0.338,0.409,0.746,0.325,104,1.6,529.6,3.84,-0.73,0.32,5297
Yandy Díaz,TBR,117,482,417,112,20,1,12,58,54,59,78,3,1,1,0.269,0.362,0.411,0.773,0.339,113,1.6,505.7,2.29,0.15,0.65,16578
Jorge Soler,MIA,140,586,509,120,24,0,30,73,78,65,154,8,1,0,0.236,0.330,0.460,0.790,0.338,115,1.5,193.2,3.16,-0.79,1.02,14221
Andy Ibáñez,TEX,98,389,355,93,19,1,13,44,42,27,60,3,2,1,0.263,0.320,0.436,0.756,0.324,106,1.5,557.1,2.71,-0.25,0.77,18819
Yan Gomes,CHC,82,316,289,72,14,1,12,37,40,20,68,5,1,0,0.249,0.304,0.425,0.729,0.312,95,1.5,497.6,3.95,0.33,0.72,9627
Ramón Urías,BAL,116,435,389,97,21,1,11,48,47,37,106,8,3,1,0.249,0.326,0.396,0.722,0.316,98,1.5,548.1,2.16,-0.09,0.44,18795
Luis Arraez,MIN,117,481,434,130,23,3,4,58,43,41,46,2,3,2,0.299,0.358,0.396,0.754,0.329,109,1.5,377.8,2.84,-0.03,1.59,18568
Lorenzo Cain,MIL,104,429,385,101,18,1,8,51,42,39,74,4,12,4,0.263,0.336,0.381,0.717,0.313,93,1.5,495.7,4.64,-0.47,1.12,9077
Ha-Seong Kim,SDP,112,391,349,85,17,2,11,48,46,33,82,4,9,2,0.244,0.314,0.402,0.716,0.310,94,1.5,368.8,4.51,-1.61,0.73,27506
Nico Hoerner,CHC,96,363,326,89,17,2,4,39,34,28,57,5,9,3,0.272,0.337,0.370,0.706,0.310,94,1.5,545.4,3.76,-0.74,1.37,21479
Brad Miller,TEX,110,375,329,77,14,2,18,50,49,42,106,3,2,1,0.235,0.326,0.450,0.776,0.333,112,1.5,540.6,2.41,-0.08,0.39,12775
Edmundo Sosa,STL,97,351,318,83,13,3,7,40,35,20,71,10,7,2,0.262,0.324,0.389,0.713,0.311,95,1.4,544.9,4.55,-0.71,1.09,17022
Nelson Cruz,WSN,126,537,476,125,21,1,29,71,84,50,125,7,1,1,0.263,0.339,0.494,0.832,0.351,118,1.4,167.4,4.32,0.13,0.77,2434
Trey Mancini,BAL,143,612,551,145,28,2,24,77,75,51,138,8,0,0,0.262,0.332,0.450,0.782,0.336,111,1.4,221.5,3.07,-0.75,0.62,15149
Isiah Kiner-Falefa,NYY,130,546,506,134,22,3,7,61,46,29,79,8,15,5,0.266,0.315,0.360,0.675,0.296,85,1.4,294.4,3.01,-1.45,1.27,16512
Travis d'Arnaud,ATL,101,394,357,90,17,0,14,44,51,31,93,3,1,0,0.251,0.314,0.417,0.731,0.315,94,1.4,230.6,2.48,-0.20,0.50,7739
David Fletcher,LAA,142,601,557,151,28,3,4,67,46,36,58,2,11,3,0.271,0.317,0.352,0.668,0.294,84,1.4,455.1,2.93,-0.68,1.26,17992
Jarred Kelenic,SEA,134,555,498,115,24,3,22,69,68,50,140,4,12,4,0.232,0.306,0.420,0.727,0.313,102,1.4,148.7,4.60,0.70,0.90,22558
Joey Wendle,MIA,126,495,455,116,25,4,9,61,48,27,103,10,9,4,0.255,0.308,0.386,0.694,0.301,91,1.4,452.6,2.86,-0.17,0.76,13853
James McCann,NYM,107,402,365,87,14,1,13,41,45,28,111,5,2,1,0.237,0.298,0.385,0.683,0.296,85,1.4,391.9,3.57,-0.23,0.46,12859
Yuli Gurriel,HOU,133,553,498,139,28,1,15,68,69,42,66,4,2,1,0.278,0.334,0.430,0.764,0.329,111,1.4,211.5,4.27,-0.15,0.77,19198
Gio Urshela,MIN,106,422,390,104,22,1,13,48,51,24,86,3,1,0,0.265,0.310,0.424,0.734,0.315,99,1.4,347.8,3.68,-0.37,0.67,10681
Wilmer Flores,SFG,111,411,373,100,19,1,16,50,52,32,56,4,1,1,0.268,0.330,0.451,0.781,0.335,111,1.4,444.6,2.58,0.44,0.66,5827
Cavan Biggio,TOR,115,462,393,90,19,2,14,57,49,62,122,4,7,2,0.228,0.337,0.392,0.729,0.321,99,1.3,341.7,1.82,0.62,0.58,19252
Elias Díaz,COL,106,385,352,91,18,1,14,46,46,29,66,2,0,0,0.259,0.318,0.433,0.751,0.323,88,1.3,226.0,2.54,0.10,0.61,11680
Roberto Pérez,PIT,103,391,343,70,11,1,12,35,39,40,121,4,1,0,0.204,0.294,0.343,0.637,0.282,75,1.3,565.8,2.13,-0.07,0.62,2900
Evan Longoria,SFG,92,367,329,83,16,1,14,45,49,31,81,3,1,1,0.252,0.319,0.440,0.760,0.323,102,1.3,523.8,4.01,0.47,0.52,9368
Lourdes Gurriel Jr.,TOR,136,551,509,136,28,2,23,68,78,32,112,4,3,2,0.268,0.313,0.462,0.776,0.330,105,1.3,141.8,3.43,0.81,0.49,19238
Riley Greene,DET,82,347,311,79,13,3,10,42,39,30,97,4,6,1,0.253,0.324,0.418,0.742,0.321,103,1.3,350.5,4.12,1.98,0.87,sa3010694
Luke Voit,SDP,118,480,422,105,18,1,24,62,72,48,133,9,0,0,0.248,0.336,0.468,0.804,0.346,118,1.3,220.0,2.60,-1.63,0.61,14811
Josh Rojas,ARI,111,462,407,101,23,3,9,59,43,47,107,2,10,4,0.249,0.326,0.388,0.714,0.312,92,1.3,312.0,4.50,0.14,0.82,19734
Josh Harrison,CHW,117,467,422,112,23,2,10,51,48,27,68,12,8,3,0.266,0.324,0.395,0.718,0.312,95,1.3,395.8,4.13,-0.46,0.84,8202
Alec Bohm,PHI,113,450,407,107,20,1,12,54,53,36,105,3,4,2,0.264,0.326,0.408,0.734,0.318,97,1.3,407.9,4.01,-0.99,0.58,21618
Anthony Santander,BAL,125,527,488,122,28,1,25,64,71,30,110,5,2,1,0.250,0.298,0.463,0.760,0.322,102,1.3,340.2,0.99,1.50,0.52,14551
Adolis García,TEX,132,554,518,118,24,2,25,69,74,28,176,6,12,4,0.229,0.275,0.427,0.702,0.299,89,1.3,170.1,2.46,1.55,1.05,19287
Tucker Barnhart,DET,108,386,346,78,16,1,8,36,39,34,92,4,0,0,0.226,0.300,0.348,0.648,0.282,76,1.2,511.5,2.28,0.19,0.46,10200
Garrett Cooper,MIA,108,438,389,104,18,1,15,55,56,42,111,6,1,1,0.268,0.347,0.437,0.784,0.340,116,1.2,527.0,2.84,-1.35,0.58,15279
Brandon Marsh,LAA,117,459,410,101,20,3,10,55,43,43,140,3,10,2,0.247,0.322,0.385,0.707,0.309,94,1.2,410.4,5.18,2.45,0.85,20202
Jonathan Villar,CHC,112,450,404,101,17,2,13,55,43,39,114,3,16,5,0.250,0.319,0.396,0.714,0.311,95,1.2,238.2,4.53,0.18,1.22,10071
Kevin Kiermaier,TBR,113,420,378,89,17,5,7,48,41,35,104,5,11,4,0.234,0.305,0.360,0.665,0.291,82,1.2,587.9,2.02,0.58,1.03,11038
Tom Murphy,SEA,77,281,250,54,10,1,11,29,33,27,88,2,1,0,0.215,0.295,0.397,0.691,0.300,93,1.2,555.3,1.27,-0.30,0.74,13499
Manny Piña,ATL,69,234,210,49,9,0,9,27,29,18,50,5,0,0,0.234,0.308,0.411,0.719,0.312,91,1.2,583.6,1.73,-0.12,0.94,2829
Patrick Wisdom,CHC,115,452,403,88,16,1,24,56,63,39,159,5,5,2,0.219,0.294,0.443,0.737,0.316,98,1.2,370.9,4.06,0.16,0.86,13602
Yadier Molina,STL,108,417,388,97,17,0,10,40,49,21,67,5,2,1,0.249,0.293,0.370,0.664,0.287,79,1.2,338.8,2.27,1.09,0.60,7007
Michael A. Taylor,KCR,132,478,438,104,21,2,13,52,50,32,134,4,12,4,0.238,0.294,0.384,0.678,0.291,82,1.2,546.5,2.95,-0.06,0.91,11489
Jake Meyers,HOU,91,355,321,78,16,1,11,42,42,24,94,5,7,2,0.243,0.305,0.405,0.710,0.307,96,1.2,596.5,3.69,-0.50,0.77,20308
Martín Maldonado,HOU,111,411,361,70,13,1,12,41,40,42,118,6,0,0,0.195,0.288,0.335,0.623,0.276,75,1.2,576.1,1.35,-0.20,0.66,6887
Bryson Stott,PHI,93,375,335,82,17,2,10,43,37,35,92,2,6,2,0.246,0.319,0.392,0.711,0.309,91,1.2,999.0,5.08,0.81,0.80,26294
Gary Sánchez,MIN,105,411,359,75,14,1,22,52,58,45,115,6,0,0,0.208,0.305,0.434,0.740,0.319,101,1.1,243.3,2.93,-0.54,0.82,11442
Chas McCormick,HOU,88,325,288,70,12,1,12,41,41,29,85,4,6,2,0.243,0.315,0.414,0.728,0.314,101,1.1,535.7,5.01,-0.46,0.73,19599
David Peralta,ARI,130,523,475,128,25,5,12,58,63,41,97,4,2,1,0.269,0.330,0.418,0.748,0.323,99,1.1,507.8,1.38,0.36,0.63,2136
Abraham Toro,SEA,75,297,265,65,13,1,9,37,35,25,51,6,4,2,0.245,0.322,0.406,0.728,0.317,105,1.1,414.8,7.82,-0.42,0.86,19844
Jesús Aguilar,MIA,130,516,455,116,21,0,21,59,76,50,101,4,0,0,0.255,0.329,0.441,0.770,0.330,110,1.1,306.2,3.69,1.56,0.60,11342
Wil Myers,SDP,137,526,468,114,24,2,20,63,66,53,150,3,8,4,0.244,0.323,0.430,0.753,0.325,104,1.1,303.1,1.91,-1.18,0.39,10047
Nick Senzel,CIN,111,419,378,99,23,3,10,53,44,35,80,3,10,4,0.262,0.326,0.418,0.744,0.321,95,1.1,359.6,4.18,-0.73,0.90,19293
Kyle Farmer,CIN,118,423,390,99,20,1,12,47,49,20,84,10,3,1,0.255,0.306,0.406,0.712,0.308,86,1.1,542.9,3.53,-0.01,0.53,14813
Kole Calhoun,TEX,108,445,392,90,17,1,19,55,54,44,103,5,3,1,0.230,0.312,0.423,0.735,0.316,101,1.1,549.1,2.96,2.22,0.40,11200
Kyle Lewis,SEA,81,341,302,74,13,1,14,41,40,35,96,2,4,1,0.244,0.324,0.427,0.751,0.325,110,1.1,481.5,5.56,1.45,0.68,19508
Manuel Margot,TBR,116,442,401,102,20,3,11,53,48,35,74,2,14,6,0.255,0.317,0.398,0.715,0.310,94,1.1,409.3,3.46,-0.14,1.10,14712
Kevin Smith,OAK,97,358,326,74,16,2,13,39,41,27,103,4,7,2,0.227,0.293,0.407,0.700,0.302,94,1.1,516.2,4.73,1.14,0.77,20242
Francisco Mejía,TBR,80,284,260,63,13,2,9,30,33,17,56,6,0,0,0.243,0.301,0.407,0.708,0.305,91,1.1,530.9,1.67,0.91,0.86,16403
Tommy La Stella,SFG,94,367,330,88,17,2,9,45,40,31,37,3,0,0,0.265,0.332,0.412,0.744,0.323,103,1.1,571.1,3.66,-0.20,0.81,12371
Lane Thomas,WSN,117,441,391,94,21,2,14,56,52,45,117,4,10,4,0.240,0.323,0.414,0.737,0.320,98,1.1,301.4,1.85,-2.03,0.64,16939
Taylor Walls,TBR,82,319,279,63,14,1,6,36,30,36,85,2,9,3,0.227,0.318,0.352,0.670,0.297,86,1.0,594.8,2.78,0.48,1.10,22458
José Iglesias,COL,126,499,471,135,29,2,9,57,54,19,67,6,5,2,0.286,0.321,0.412,0.734,0.316,84,1.0,542.3,3.69,-0.76,1.14,10231
Victor Robles,WSN,121,456,402,94,22,2,9,52,40,33,109,14,13,5,0.235,0.312,0.369,0.681,0.299,84,1.0,506.8,3.73,-0.80,1.09,18363
Austin Slater,SFG,87,293,257,64,12,1,9,38,30,30,77,5,12,3,0.251,0.339,0.418,0.756,0.330,107,1.0,585.2,4.38,1.66,1.34,16153
Jonah Heim,TEX,61,225,206,48,10,0,7,22,26,15,41,1,2,1,0.234,0.290,0.387,0.676,0.292,85,1.0,568.3,1.37,-0.54,1.11,16930
Tyrone Taylor,MIL,80,286,260,64,12,2,11,35,39,20,63,5,5,1,0.245,0.310,0.439,0.749,0.322,99,1.0,548.7,2.81,-0.30,0.87,13675
Nick Ahmed,ARI,119,468,427,102,24,3,9,50,48,35,98,3,6,2,0.239,0.298,0.372,0.671,0.291,78,1.0,596.2,2.41,0.01,0.54,12147
Andrelton Simmons,CHC,112,434,403,102,17,1,4,41,36,25,58,4,3,1,0.253,0.302,0.331,0.633,0.278,73,1.0,593.7,1.82,1.05,0.84,10847
Kyle Higashioka,NYY,84,292,271,59,12,0,15,32,41,18,78,2,0,0,0.217,0.269,0.424,0.693,0.295,84,1.0,484.7,2.13,-0.70,0.68,5517
LaMonte Wade Jr.,SFG,107,419,365,88,17,2,15,53,48,45,89,6,6,2,0.242,0.333,0.424,0.757,0.329,107,1.0,449.6,1.36,-0.32,0.45,18126
Jason Heyward,CHC,89,346,308,75,13,2,9,39,36,33,66,3,4,1,0.243,0.321,0.390,0.711,0.309,94,1.0,597.8,0.92,1.93,0.77,4940
Darin Ruf,SFG,102,350,303,76,15,1,15,44,46,42,93,4,2,1,0.251,0.349,0.459,0.808,0.348,119,1.0,471.1,5.46,0.78,0.58,9929
Jose Barrero,CIN,67,253,230,58,13,1,8,30,30,17,65,5,6,2,0.254,0.317,0.415,0.733,0.317,92,0.9,557.0,5.00,0.52,1.20,23378
Joey Bart,SFG,94,355,329,79,15,1,9,37,38,19,110,6,1,1,0.240,0.293,0.370,0.663,0.289,80,0.9,262.2,1.15,-0.22,0.61,21524
Eddie Rosario,ATL,121,502,465,123,23,2,22,64,73,30,76,1,9,3,0.264,0.308,0.464,0.772,0.326,101,0.9,183.1,4.24,1.06,0.32,12155
Aledmys Díaz,HOU,77,304,278,70,15,0,9,34,38,19,55,5,1,0,0.252,0.310,0.413,0.722,0.311,99,0.9,583.7,5.36,-0.64,0.84,15937
Jake Fraley,CIN,89,344,294,71,15,1,12,44,44,43,92,5,12,3,0.243,0.347,0.428,0.775,0.337,105,0.9,526.0,5.31,0.03,1.04,19260
Elvis Andrus,OAK,114,450,416,103,20,2,6,47,38,27,69,4,10,4,0.247,0.296,0.347,0.644,0.282,80,0.9,576.0,2.51,-1.20,1.05,8709
Odúbel Herrera,PHI,92,375,343,90,19,2,11,44,42,25,67,4,5,2,0.261,0.317,0.420,0.737,0.317,96,0.9,591.7,4.08,0.00,0.80,11476
Mike Moustakas,CIN,128,501,445,107,23,1,24,60,70,44,101,6,1,1,0.240,0.314,0.454,0.768,0.326,98,0.9,410.7,3.23,0.08,0.59,4892
Alek Thomas,ARI,65,264,240,64,13,3,6,33,27,20,61,2,5,2,0.266,0.327,0.420,0.747,0.322,99,0.9,579.8,6.11,-0.41,1.26,sa3006892
Curt Casali,SFG,79,267,235,52,10,0,8,26,28,27,75,4,0,0,0.221,0.309,0.366,0.675,0.297,85,0.9,592.6,1.99,0.50,0.86,12510
Andrew McCutchen,MIL,119,497,425,102,20,1,21,65,64,64,111,4,5,1,0.241,0.343,0.441,0.784,0.337,109,0.9,315.5,2.23,-1.59,0.33,9847
Didi Gregorius,PHI,106,428,390,94,18,2,15,48,56,26,66,6,3,1,0.242,0.296,0.410,0.706,0.303,86,0.9,537.5,1.64,0.45,0.34,6012
J.D. Davis,NYM,85,311,272,70,14,1,11,36,35,32,86,5,1,1,0.257,0.343,0.428,0.772,0.335,111,0.9,542.7,2.72,0.91,0.90,16219
Steven Kwan,CLE,76,313,282,77,15,2,6,39,31,25,40,3,5,2,0.274,0.336,0.413,0.749,0.324,105,0.9,999.0,5.39,0.19,1.21,24610
Joc Pederson,SFG,119,452,400,94,19,2,19,56,57,40,105,9,2,2,0.235,0.316,0.437,0.753,0.323,103,0.9,515.8,2.09,-1.14,0.32,11899
Andrew Vaughn,CHW,109,444,392,99,21,1,17,52,53,41,92,6,1,1,0.252,0.330,0.436,0.766,0.331,108,0.9,290.4,5.58,0.50,0.35,26197
Jason Castro,HOU,49,168,145,31,6,0,7,19,19,20,53,2,0,0,0.215,0.319,0.397,0.715,0.313,100,0.8,599.5,1.82,-0.56,1.16,8722
Riley Adams,WSN,70,249,218,49,10,1,7,28,27,24,83,7,1,0,0.225,0.319,0.377,0.696,0.308,89,0.8,591.6,3.27,0.20,0.88,19864
Rowdy Tellez,MIL,109,412,370,94,19,1,20,50,58,33,87,5,1,1,0.253,0.321,0.467,0.788,0.335,108,0.8,386.7,4.45,-0.47,0.50,15679
Rafael Ortega,CHC,103,401,360,90,18,2,10,50,39,37,82,2,12,4,0.251,0.324,0.399,0.723,0.315,98,0.8,415.2,3.76,0.07,1.07,10323
Austin Barnes,LAD,60,215,188,42,8,0,5,25,23,21,52,4,2,1,0.225,0.312,0.358,0.670,0.296,85,0.8,593.8,1.65,0.29,1.06,12158
Cristian Pache,OAK,117,448,412,94,20,2,11,45,41,27,128,3,5,3,0.229,0.281,0.364,0.645,0.280,80,0.8,571.0,1.97,0.10,0.60,19948
Carter Kieboom,WSN,84,342,297,71,13,1,9,39,35,36,81,6,1,1,0.239,0.333,0.378,0.711,0.314,93,0.8,582.2,5.96,0.62,0.63,19958
Ben Gamel,PIT,133,492,427,105,24,3,12,55,45,57,128,4,5,3,0.245,0.337,0.395,0.732,0.320,100,0.8,586.8,6.06,-0.25,0.42,12160
Jordan Luplow,ARI,82,320,276,65,14,1,13,41,41,38,81,4,3,2,0.235,0.334,0.442,0.776,0.336,107,0.8,600.7,3.28,-1.17,0.61,16424
Vidal Bruján,TBR,66,263,237,59,13,1,5,33,25,22,48,2,14,4,0.248,0.317,0.378,0.695,0.304,90,0.8,485.0,6.42,-0.72,1.65,20536
Miguel Sanó,MIN,138,561,494,111,23,1,33,77,82,61,200,4,1,1,0.224,0.314,0.475,0.789,0.335,113,0.8,274.7,2.07,0.59,1.39,12164
Cal Raleigh,SEA,60,223,206,46,11,0,8,22,26,14,60,2,1,1,0.224,0.277,0.398,0.675,0.290,86,0.8,581.3,3.16,-0.70,1.02,21534
Tyler Naquin,CIN,121,479,438,114,23,2,18,59,64,32,115,5,5,2,0.260,0.314,0.447,0.761,0.325,97,0.7,391.3,3.60,0.01,0.30,13359
Santiago Espinal,TOR,89,317,287,76,15,1,4,36,30,24,48,2,6,2,0.263,0.322,0.361,0.683,0.300,85,0.7,578.2,2.35,0.25,1.26,19997
Robinson Chirinos,BAL,66,232,202,44,9,1,8,25,27,22,70,6,0,0,0.216,0.308,0.390,0.698,0.305,91,0.7,594.5,3.27,-0.31,0.90,3142
Kevin Plawecki,BOS,64,227,206,53,11,1,5,23,25,16,40,4,0,0,0.255,0.321,0.385,0.706,0.306,89,0.7,588.2,2.02,-0.87,1.23,13807
Carlos Santana,KCR,126,533,453,106,19,1,18,61,61,74,86,3,2,1,0.233,0.342,0.395,0.737,0.322,102,0.7,541.1,4.81,0.81,0.38,2396
Jose Miranda,MIN,62,251,232,63,13,0,9,30,31,14,35,3,1,1,0.273,0.321,0.448,0.769,0.328,108,0.7,503.6,6.33,0.50,1.21,sa917952
Christian Walker,ARI,125,510,457,114,25,2,17,63,63,44,122,6,2,1,0.250,0.321,0.426,0.747,0.322,99,0.7,521.5,1.60,-0.64,0.20,13419
Thairo Estrada,SFG,67,234,215,56,10,1,7,30,27,14,46,3,3,1,0.261,0.316,0.419,0.735,0.318,99,0.7,595.8,3.71,0.17,1.21,16426
Frank Schwindel,CHC,128,534,499,131,26,1,20,66,71,29,96,4,2,1,0.263,0.309,0.440,0.748,0.321,101,0.7,248.1,3.92,0.74,0.39,15351
Nolan Gorman,STL,57,234,217,54,11,1,8,27,28,14,57,2,2,0,0.247,0.295,0.418,0.714,0.305,91,0.7,553.7,6.30,0.31,1.09,sa3007017
Randal Grichuk,COL,134,541,503,131,29,3,25,69,79,31,115,4,1,1,0.261,0.307,0.479,0.786,0.332,94,0.7,279.5,3.76,-3.48,0.61,10243
Ji-Man Choi,TBR,110,437,370,86,19,1,15,50,54,58,115,4,1,1,0.233,0.340,0.408,0.748,0.327,106,0.7,585.0,2.91,0.15,0.23,5452
Niko Goodrum,HOU,70,287,256,57,12,1,9,34,28,26,90,2,9,3,0.221,0.296,0.383,0.679,0.295,88,0.7,582.9,4.75,0.01,1.17,12092
Connor Joe,COL,94,370,320,84,18,1,13,47,47,42,79,5,2,1,0.264,0.356,0.449,0.805,0.348,104,0.7,364.2,3.21,-0.28,0.67,16572
Taylor Ward,LAA,75,293,258,64,14,1,9,38,34,29,74,4,3,1,0.247,0.331,0.416,0.746,0.325,105,0.7,599.5,5.57,1.17,0.84,17548
Steven Duggar,SFG,94,340,307,72,16,3,7,40,33,29,100,2,7,2,0.235,0.305,0.376,0.681,0.296,85,0.7,599.7,4.16,-0.09,0.95,17719
Rougned Odor,BAL,107,424,383,82,17,1,20,49,56,31,118,7,3,2,0.213,0.282,0.418,0.700,0.299,86,0.7,540.9,4.57,-0.51,0.75,12282
Victor Caratini,MIL,56,191,169,41,7,0,4,19,21,18,43,3,1,0,0.239,0.319,0.361,0.679,0.298,87,0.7,589.1,2.68,-0.11,1.27,14968
Leury García,CHW,89,351,320,84,14,2,5,42,32,22,74,3,6,2,0.263,0.315,0.372,0.687,0.300,88,0.7,564.0,3.62,-0.15,1.11,5913
Ben Rortvedt,NYY,57,206,185,40,7,0,6,21,22,15,56,3,0,0,0.216,0.282,0.358,0.640,0.280,74,0.6,999.0,3.34,0.68,1.04,20287
Josh Lowe,TBR,95,370,327,78,17,2,12,45,45,37,106,2,13,3,0.238,0.318,0.412,0.731,0.316,98,0.6,437.3,9.35,0.31,1.09,19953
Luis Torrens,SEA,77,293,266,63,13,1,11,30,35,23,72,2,0,0,0.239,0.303,0.412,0.715,0.305,97,0.6,477.0,4.75,0.15,0.80,15905
Pavin Smith,ARI,123,502,447,118,24,3,12,58,53,43,90,3,2,1,0.263,0.327,0.412,0.739,0.318,96,0.6,508.7,2.27,-0.11,0.51,19892
Hunter Dozier,KCR,122,494,441,104,22,4,17,56,55,45,135,5,5,2,0.236,0.311,0.422,0.733,0.316,98,0.6,469.7,3.60,-0.27,0.34,15117
Charlie Blackmon,COL,124,542,483,134,26,4,16,74,68,46,91,8,3,1,0.278,0.347,0.450,0.797,0.343,101,0.6,237.3,2.55,0.78,0.67,7859
Nick Solak,TEX,91,372,334,85,15,1,9,43,38,28,76,7,5,2,0.255,0.323,0.392,0.714,0.312,98,0.6,531.3,4.46,-0.17,0.84,19294
Bryan De La Cruz,MIA,61,243,223,60,11,1,6,27,25,17,57,1,2,1,0.268,0.321,0.409,0.730,0.316,100,0.6,574.0,3.72,0.21,1.31,19600
Luis García,WSN,86,335,316,83,16,2,9,40,36,17,58,1,2,1,0.264,0.303,0.417,0.720,0.309,90,0.6,588.6,3.49,-0.14,0.92,20391
Bradley Zimmer,TOR,77,290,253,56,10,1,8,34,28,25,101,9,11,3,0.223,0.311,0.361,0.673,0.296,86,0.6,545.6,6.59,-0.56,1.30,16221
Matt Duffy,LAA,72,275,247,66,10,0,3,32,25,23,50,4,5,1,0.267,0.337,0.353,0.690,0.307,93,0.6,587.2,4.23,0.95,1.35,13836
Jo Adell,LAA,130,515,475,115,23,3,20,62,68,33,151,5,8,2,0.241,0.296,0.427,0.723,0.310,95,0.6,202.1,1.87,-0.32,0.46,20220
Yu Chang,CLE,80,293,269,62,14,2,10,33,37,20,81,3,2,1,0.231,0.290,0.405,0.695,0.300,88,0.6,595.6,3.14,-1.04,0.69,14773
Seth Brown,OAK,127,463,426,96,21,2,21,55,61,33,138,3,5,2,0.225,0.284,0.433,0.717,0.306,97,0.6,523.6,4.48,-0.08,0.66,18171
Kevin Newman,PIT,120,472,437,114,21,3,5,46,41,25,46,3,7,2,0.260,0.303,0.358,0.661,0.288,79,0.6,594.8,2.48,-0.80,0.97,17696
Leody Taveras,TEX,53,211,191,43,8,1,5,25,20,18,58,1,9,2,0.225,0.296,0.369,0.665,0.290,83,0.6,592.2,4.90,0.76,1.44,18900
Josh Naylor,CLE,102,393,361,94,20,1,13,45,45,28,68,3,2,1,0.261,0.319,0.424,0.744,0.321,103,0.6,584.1,7.42,-0.93,0.69,18839
Daniel Vogelbach,PIT,91,346,290,66,13,0,14,42,42,53,80,2,0,0,0.226,0.349,0.418,0.767,0.336,110,0.6,588.7,2.00,-0.13,0.45,14130
Andrew Knizner,STL,56,201,179,42,7,0,4,20,19,16,40,3,1,0,0.233,0.302,0.348,0.650,0.285,78,0.6,598.9,1.52,2.25,1.22,19514
Jon Berti,MIA,54,202,175,42,8,1,3,25,16,21,46,3,7,2,0.242,0.332,0.346,0.678,0.303,92,0.6,587.7,4.80,0.84,1.50,12037
Pedro Severino,MIL,49,184,166,40,7,0,6,17,21,16,45,1,0,0,0.239,0.309,0.399,0.708,0.307,89,0.6,552.0,3.00,-0.21,1.29,14523
Matt Vierling,PHI,70,251,227,57,11,1,7,28,26,18,58,3,5,1,0.249,0.308,0.396,0.704,0.304,87,0.6,575.6,4.11,1.39,1.22,21558
Dominic Smith,NYM,112,423,381,99,21,1,16,48,57,31,95,6,1,1,0.259,0.323,0.444,0.767,0.328,106,0.6,462.2,1.82,-0.12,0.53,15653
Austin Allen,OAK,41,144,135,32,7,0,5,14,16,7,39,1,0,0,0.234,0.280,0.395,0.676,0.291,86,0.6,600.1,2.71,2.68,1.39,18083
Donovan Solano,CIN,71,269,246,69,14,1,6,30,29,16,50,4,1,0,0.280,0.331,0.415,0.746,0.323,96,0.5,597.5,4.08,-0.46,1.33,8623
Austin Hedges,CLE,97,354,320,62,11,0,12,34,38,21,100,4,1,1,0.195,0.251,0.347,0.598,0.257,60,0.5,587.6,2.77,-0.84,0.72,12976
Chad Pinder,OAK,118,418,383,89,20,1,14,46,48,28,103,5,2,1,0.232,0.291,0.400,0.691,0.298,92,0.5,581.6,5.41,-0.73,0.33,15191
Jorge Mateo,BAL,120,413,382,90,20,4,9,43,36,20,113,4,16,4,0.237,0.280,0.377,0.657,0.284,76,0.5,384.9,1.35,0.39,1.42,17273
Hoy Park,PIT,58,224,191,45,9,1,4,25,20,27,51,3,4,1,0.233,0.333,0.353,0.687,0.306,91,0.5,600.5,5.49,0.30,1.23,18027
Oscar Mercado,CLE,67,258,232,56,12,1,6,30,25,20,51,3,8,2,0.240,0.307,0.383,0.690,0.301,89,0.5,595.2,4.25,0.34,1.29,16375
Brett Gardner,,67,252,218,50,9,2,6,30,24,30,55,2,3,1,0.230,0.326,0.380,0.706,0.310,94,0.5,598.6,1.57,0.18,1.00,9927
Kevin Pillar,LAD,68,251,237,60,12,1,10,32,34,9,49,4,4,2,0.252,0.290,0.437,0.727,0.309,94,0.5,596.3,8.03,0.40,1.03,12434
DJ Stewart,BAL,72,278,236,52,10,1,12,33,33,36,75,4,1,0,0.219,0.330,0.426,0.756,0.329,106,0.5,600.9,3.62,-0.57,0.72,17766
Bobby Bradley,CLE,102,416,370,79,16,1,21,50,58,38,142,5,0,0,0.213,0.294,0.431,0.724,0.310,95,0.5,537.0,2.34,1.88,0.73,17278
Gavin Sheets,CHW,92,325,293,74,13,0,14,39,46,28,74,2,1,1,0.252,0.320,0.444,0.764,0.328,106,0.5,544.5,3.88,0.51,0.67,19901
Dom Nuñez,COL,68,249,217,44,9,1,10,28,29,28,77,2,1,0,0.205,0.301,0.400,0.701,0.303,75,0.5,592.0,1.55,0.11,0.75,15055
Victor Reyes,DET,63,233,219,58,10,2,4,28,21,11,51,1,6,2,0.265,0.303,0.392,0.695,0.300,89,0.5,593.6,5.74,0.22,1.46,15487
Luis Campusano,SDP,34,123,113,29,5,0,3,13,14,9,29,1,0,0,0.253,0.313,0.393,0.706,0.307,92,0.5,999.0,4.41,0.40,1.53,22217
Dylan Moore,SEA,60,204,180,39,8,1,7,25,21,19,57,4,10,4,0.214,0.301,0.380,0.681,0.299,93,0.5,539.0,3.44,-1.13,1.49,18042
Mike Brosseau,MIL,62,233,207,48,10,1,8,28,28,19,64,4,2,1,0.234,0.308,0.412,0.721,0.311,92,0.5,599.7,4.34,-0.38,1.00,19683
Eric Haase,DET,89,341,308,67,12,1,16,39,45,24,111,3,2,1,0.219,0.278,0.427,0.704,0.299,88,0.5,322.7,4.46,0.34,0.58,14111
Geraldo Perdomo,ARI,46,176,154,37,7,1,2,19,14,18,37,3,3,1,0.237,0.326,0.344,0.670,0.298,83,0.4,595.5,3.54,0.26,1.45,22799
MJ Melendez,KCR,45,179,159,38,8,1,7,23,25,17,46,1,1,1,0.236,0.313,0.439,0.752,0.323,103,0.4,491.5,3.84,2.91,1.16,sa3004139
Michael Perez,PIT,54,193,174,36,8,1,6,18,20,17,53,1,0,0,0.206,0.279,0.355,0.634,0.277,72,0.4,600.9,1.70,-0.26,1.08,12977
Johan Camargo,PHI,52,166,152,38,8,1,6,20,19,13,37,1,0,0,0.248,0.311,0.419,0.731,0.315,94,0.4,600.9,3.20,1.64,1.32,14950
Adam Engel,CHW,56,195,179,43,9,1,6,24,21,12,50,4,6,2,0.242,0.303,0.410,0.712,0.308,93,0.4,599.0,4.11,-0.15,1.37,15082
Kyle Isbel,KCR,68,259,236,58,12,2,6,30,26,19,60,3,7,2,0.246,0.310,0.389,0.700,0.304,90,0.4,561.5,4.13,1.36,1.26,21614
Mauricio Dubón,SFG,44,160,148,38,7,1,4,18,16,10,30,1,2,1,0.255,0.304,0.391,0.695,0.300,88,0.4,595.2,4.11,2.36,1.49,16530
David Bote,CHC,39,146,129,31,6,1,5,16,18,14,35,2,1,0,0.238,0.318,0.419,0.737,0.319,100,0.4,600.5,3.04,-0.18,1.37,14593
Tyler Wade,LAA,95,278,247,57,11,1,4,37,21,24,67,3,19,5,0.229,0.304,0.329,0.633,0.281,76,0.4,496.3,5.62,1.16,1.94,15730
Isaac Paredes,TBR,28,108,95,23,4,0,3,12,12,11,18,1,0,0,0.248,0.332,0.395,0.727,0.318,99,0.4,600.5,3.02,3.01,1.57,20036
C.J. Abrams,SDP,53,218,200,49,12,1,3,26,22,14,46,2,8,2,0.243,0.298,0.361,0.659,0.287,79,0.4,999.0,6.54,0.22,1.46,25768
Nick Pratto,KCR,67,273,242,56,12,2,11,33,35,27,86,3,5,1,0.230,0.311,0.433,0.744,0.320,101,0.4,566.5,3.92,1.36,0.87,sa3004138
Eric Hosmer,SDP,125,508,461,122,22,1,15,56,63,39,98,4,4,2,0.265,0.326,0.411,0.737,0.318,99,0.4,511.0,3.11,0.43,0.48,3516
Sam Hilliard,COL,98,362,329,75,14,3,17,47,46,31,122,2,8,2,0.227,0.297,0.445,0.742,0.316,84,0.4,527.5,1.93,1.05,0.73,17954
Jed Lowrie,OAK,103,415,370,90,21,1,12,44,48,40,88,2,0,0,0.244,0.319,0.400,0.719,0.309,99,0.4,584.8,3.89,-0.74,0.39,4418
Seth Beer,ARI,102,375,335,85,18,1,14,46,49,28,86,12,0,1,0.253,0.330,0.440,0.770,0.333,105,0.4,554.4,3.70,-0.10,0.51,20493
Yoshi Tsutsugo,PIT,118,456,397,90,19,1,17,54,57,53,116,3,0,0,0.227,0.322,0.413,0.734,0.319,99,0.4,476.4,2.85,-1.30,0.39,27459
Triston Casas,BOS,43,177,155,39,9,1,6,23,22,19,40,2,2,1,0.249,0.335,0.430,0.765,0.331,105,0.4,554.5,4.17,0.19,1.28,sa3007634
Jarren Duran,BOS,62,251,230,58,12,3,6,33,25,17,68,3,9,3,0.252,0.309,0.405,0.714,0.308,90,0.4,541.9,7.03,-0.01,1.35,24617
Clint Frazier,CHC,96,374,327,76,17,1,13,43,42,41,105,5,4,1,0.234,0.326,0.418,0.744,0.323,103,0.4,522.4,2.87,0.83,0.53,15983
Sergio Alcántara,ARI,53,191,168,39,6,1,3,21,16,20,48,1,3,1,0.230,0.315,0.342,0.657,0.291,79,0.4,600.6,2.74,0.64,1.31,16417
Jorge Alfaro,SDP,85,318,295,71,12,1,9,31,36,16,102,6,5,2,0.240,0.293,0.377,0.670,0.292,82,0.4,451.0,1.52,0.33,0.96,12180
Aristides Aquino,CIN,82,291,259,58,11,1,16,37,40,27,92,3,4,1,0.225,0.305,0.464,0.769,0.327,99,0.4,589.9,5.57,0.15,0.76,15482
Jose Siri,HOU,61,208,193,45,9,1,7,25,24,12,72,2,8,2,0.236,0.289,0.403,0.692,0.298,90,0.4,583.0,4.53,0.33,1.35,17452
Reese McGuire,CHW,40,141,126,29,6,0,3,14,13,10,29,1,0,0,0.229,0.292,0.347,0.639,0.281,72,0.3,600.1,1.81,0.32,1.43,15674
Travis Swaggerty,PIT,35,142,126,30,6,1,3,16,14,13,35,1,4,1,0.236,0.310,0.375,0.685,0.299,87,0.3,599.0,4.01,1.13,1.55,sa3007512
Edward Olivares,KCR,41,155,141,36,7,1,5,18,17,10,30,2,4,1,0.258,0.312,0.421,0.733,0.315,97,0.3,576.0,4.83,1.27,1.53,19698
Wilson Ramos,,24,89,82,22,4,0,3,10,11,6,17,1,0,0,0.264,0.315,0.418,0.733,0.315,99,0.3,601.0,3.43,3.04,1.67,1433
Zack Collins,TOR,28,100,86,19,4,0,4,11,12,13,32,0,0,0,0.218,0.321,0.391,0.712,0.313,96,0.3,600.2,3.38,0.59,1.50,19181
Robinson Canó,NYM,82,333,307,80,17,1,11,38,41,21,53,3,1,0,0.262,0.314,0.426,0.740,0.316,98,0.3,536.2,3.51,-0.02,0.85,3269
Gabriel Arias,CLE,24,92,85,22,4,0,2,10,10,5,23,1,1,0,0.254,0.305,0.399,0.704,0.304,91,0.3,600.8,3.77,4.30,1.67,sa3004047
Nolan Jones,CLE,29,116,101,23,5,0,4,14,12,13,37,1,2,0,0.229,0.324,0.395,0.718,0.314,98,0.3,599.5,5.12,0.60,1.52,sa917941
Luis Rengifo,LAA,30,115,103,25,5,1,3,13,11,9,23,1,2,1,0.243,0.309,0.380,0.689,0.300,89,0.3,600.5,3.09,2.78,1.60,19858
Starlin Castro,,37,152,141,38,7,1,4,17,18,9,27,1,0,0,0.272,0.318,0.414,0.732,0.314,93,0.3,600.5,2.94,3.74,1.53,4579
Cam Gallagher,KCR,32,109,99,24,5,0,2,10,10,8,20,1,0,0,0.240,0.300,0.341,0.642,0.283,76,0.3,600.5,1.99,0.97,1.60,12981
Michael Hermosillo,CHC,34,125,108,24,5,1,5,16,14,11,37,4,2,1,0.225,0.313,0.405,0.718,0.311,95,0.3,599.0,3.80,-0.13,1.46,16285
Orlando Arcia,ATL,38,139,127,32,6,0,4,16,15,10,24,1,2,1,0.251,0.305,0.400,0.705,0.303,85,0.3,600.8,2.95,1.88,1.50,13185
Hanser Alberto,LAD,42,158,149,41,8,1,3,18,17,4,18,2,2,1,0.276,0.303,0.398,0.701,0.301,88,0.3,600.0,3.58,0.41,1.59,11902
Christian Arroyo,BOS,43,165,151,37,8,1,6,20,20,10,38,3,1,1,0.247,0.306,0.419,0.725,0.312,93,0.3,598.2,2.50,1.30,1.33,16434
Brett Phillips,TBR,60,187,162,32,5,2,7,24,21,21,67,1,8,2,0.195,0.289,0.375,0.664,0.288,80,0.3,596.6,3.80,0.26,1.32,14735
Raimel Tapia,TOR,108,436,400,105,22,2,5,54,38,29,72,2,14,4,0.263,0.314,0.367,0.681,0.297,83,0.3,340.0,2.52,0.02,1.40,14350
Lewin Díaz,MIA,50,193,179,42,8,0,9,23,26,12,45,2,1,0,0.234,0.289,0.445,0.734,0.312,98,0.3,595.6,4.48,0.68,1.11,18365
Jurickson Profar,SDP,119,438,384,90,19,2,10,51,43,43,67,7,9,3,0.235,0.322,0.370,0.692,0.305,91,0.3,561.9,1.83,-0.45,0.78,10815
Nick Gordon,MIN,48,177,164,41,9,1,4,20,18,10,41,2,7,1,0.250,0.299,0.381,0.680,0.295,85,0.3,592.7,3.36,0.15,1.58,16337
Tomás Nido,NYM,56,186,175,39,8,1,5,17,19,8,48,2,1,0,0.220,0.263,0.348,0.611,0.265,64,0.3,600.3,2.24,-0.81,1.19,13755
Sandy León,,57,172,155,31,5,0,5,15,16,12,48,2,0,0,0.199,0.265,0.326,0.591,0.259,61,0.3,999.0,1.70,-1.29,1.17,5273
Garrett Hampson,COL,95,354,322,80,15,4,9,46,31,25,88,2,13,4,0.249,0.306,0.402,0.708,0.306,77,0.3,369.3,5.23,-0.02,1.33,19262
Yonny Hernandez,ARI,22,88,74,18,3,0,0,10,5,11,16,2,5,2,0.239,0.345,0.300,0.645,0.296,87,0.3,600.9,3.36,1.78,1.86,19432
Bryan Lavastida,CLE,17,67,60,15,3,0,2,8,7,6,16,1,1,1,0.249,0.318,0.388,0.706,0.307,93,0.3,999.0,3.64,4.28,1.75,sa3006917
Sheldon Neuse,OAK,66,227,211,48,9,1,6,23,23,14,68,1,3,1,0.229,0.281,0.358,0.639,0.278,78,0.3,599.8,2.66,0.82,1.12,19635
Cole Tucker,PIT,80,306,273,62,13,2,5,32,26,28,72,2,6,2,0.228,0.302,0.350,0.652,0.287,78,0.3,587.8,2.33,0.40,1.06,17326
Willi Castro,DET,29,116,106,26,5,1,3,14,11,6,27,2,2,1,0.247,0.297,0.398,0.694,0.299,88,0.3,582.4,5.58,1.36,1.60,17338
Alex Dickerson,ATL,74,260,234,59,12,1,12,33,34,20,58,5,1,0,0.252,0.322,0.462,0.784,0.335,106,0.2,599.2,2.25,-1.32,0.91,12649
Luis Guillorme,NYM,31,104,90,22,4,0,1,11,9,12,19,1,1,0,0.249,0.340,0.335,0.675,0.303,89,0.2,999.0,3.58,1.88,1.66,16451
Jose Trevino,NYY,52,190,177,41,8,0,4,18,19,8,36,1,1,0,0.234,0.268,0.352,0.620,0.267,66,0.2,597.6,2.09,0.96,1.26,16725
Jace Peterson,MIL,64,232,202,47,10,1,5,27,23,26,53,2,6,1,0.235,0.326,0.367,0.693,0.303,86,0.2,583.0,2.91,0.45,1.26,12325
Nick Fortes,MIA,20,71,64,15,3,0,2,7,8,5,13,1,1,0,0.239,0.306,0.365,0.671,0.294,86,0.2,599.6,3.51,1.66,1.72,21538
Jackie Bradley Jr.,BOS,91,350,312,68,16,2,9,40,34,29,94,6,6,2,0.218,0.296,0.362,0.658,0.288,77,0.2,589.5,1.52,0.09,0.78,12984
Kelvin Gutierrez,BAL,83,324,298,71,11,2,6,30,30,22,84,3,2,1,0.239,0.295,0.350,0.645,0.283,76,0.2,598.6,2.22,0.07,0.89,17468
Keston Hiura,MIL,79,305,271,62,13,1,14,38,38,25,103,7,4,2,0.230,0.310,0.437,0.746,0.321,98,0.2,393.2,3.60,-0.45,0.72,20003
Greg Allen,PIT,68,231,203,49,10,1,4,29,20,17,55,7,13,2,0.243,0.316,0.363,0.679,0.298,85,0.2,597.4,5.66,0.61,1.68,16623
Willie Calhoun,TEX,108,420,382,97,18,2,14,47,48,30,59,4,1,1,0.253,0.312,0.424,0.736,0.316,101,0.2,503.9,4.90,0.14,0.49,17838
Garrett Stubbs,PHI,25,90,77,17,4,0,1,10,8,9,19,1,1,1,0.214,0.300,0.321,0.622,0.277,70,0.2,600.2,2.06,1.14,1.61,18067
Brennen Davis,CHC,46,184,163,39,8,1,6,24,21,17,54,3,4,1,0.238,0.320,0.412,0.732,0.318,99,0.2,999.0,6.58,-0.38,1.27,sa3007876
Brent Rooker,SDP,50,199,176,39,9,0,9,24,24,18,65,5,1,0,0.221,0.309,0.419,0.727,0.315,99,0.2,600.0,3.03,0.52,1.02,19627
Matt Beaty,SDP,75,230,207,52,11,1,6,27,29,17,42,6,2,1,0.253,0.326,0.405,0.731,0.319,100,0.2,587.7,4.48,0.98,1.13,17710
Cooper Hummel,ARI,30,119,103,25,5,1,3,14,13,14,28,2,1,0,0.240,0.338,0.402,0.740,0.324,100,0.2,999.0,2.79,1.18,1.52,19458
Kurt Suzuki,LAA,47,177,159,37,7,0,5,18,20,11,30,5,0,0,0.235,0.299,0.371,0.670,0.290,82,0.2,598.2,1.81,-0.30,1.26,8259
Shed Long Jr.,BAL,31,123,111,26,5,1,4,13,12,10,34,1,2,1,0.232,0.299,0.389,0.688,0.299,87,0.2,999.0,3.36,1.81,1.52,16542
William Contreras,ATL,15,56,51,13,2,0,2,7,7,5,15,0,0,0,0.247,0.312,0.401,0.713,0.309,90,0.2,592.5,4.41,2.04,1.75,20503
Mitch Moreland,,49,187,168,40,8,1,8,22,25,16,43,1,0,0,0.236,0.306,0.434,0.739,0.315,103,0.2,600.9,1.76,-1.31,1.13,3086
Juan Yepez,STL,31,123,111,27,6,0,5,14,16,10,27,1,0,0,0.246,0.314,0.442,0.756,0.324,103,0.2,577.2,4.80,1.08,1.47,sa877505
Adam Eaton,,37,151,132,33,6,1,3,18,14,13,32,3,2,0,0.246,0.325,0.377,0.703,0.308,94,0.2,999.0,4.52,0.32,1.46,11205
Alcides Escobar,WSN,105,436,403,102,20,2,6,49,41,22,79,6,5,1,0.253,0.301,0.358,0.658,0.288,76,0.2,591.7,4.81,0.53,0.72,6310
Lars Nootbaar,STL,78,266,236,59,9,1,8,30,29,25,56,2,4,2,0.248,0.322,0.398,0.720,0.312,95,0.2,587.3,3.60,0.00,1.07,21454
Skye Bolt,OAK,26,86,76,16,4,0,2,9,8,8,24,1,2,0,0.215,0.293,0.352,0.645,0.284,82,0.2,600.9,3.53,0.39,1.64,17723
Josh VanMeter,PIT,27,98,86,20,5,0,3,11,11,11,25,1,1,0,0.227,0.316,0.398,0.713,0.311,94,0.2,599.9,3.21,1.93,1.58,15170
Dustin Garneau,DET,21,75,66,13,3,0,3,8,8,6,22,1,0,0,0.203,0.277,0.380,0.658,0.282,77,0.2,999.0,1.52,-0.14,1.60,9433
Trevor Larnach,MIN,68,274,241,57,11,0,8,30,29,26,88,4,1,0,0.235,0.318,0.379,0.697,0.306,93,0.2,585.7,5.62,-0.40,0.88,21501
Edwin Ríos,LAD,49,163,147,34,7,0,8,21,24,13,51,3,0,0,0.232,0.303,0.455,0.758,0.324,103,0.2,576.3,8.95,0.32,1.17,18316
Luke Maile,CLE,39,135,121,25,5,0,2,13,11,11,42,2,0,0,0.203,0.280,0.294,0.574,0.258,60,0.2,999.0,2.07,0.36,1.38,13355
Owen Miller,CLE,42,165,153,38,8,1,3,17,16,10,39,2,1,0,0.246,0.298,0.371,0.669,0.291,83,0.2,600.3,2.42,0.73,1.42,24655
Payton Henry,MIA,17,62,56,12,2,0,2,6,6,4,19,1,0,0,0.219,0.287,0.348,0.635,0.279,77,0.2,999.0,2.00,0.99,1.72,22164
Jose Herrera,ARI,13,51,46,10,2,0,1,5,5,5,12,0,0,0,0.222,0.303,0.347,0.650,0.286,75,0.1,999.0,2.32,1.27,1.77,17040
Matt Thaiss,LAA,17,61,54,12,2,0,2,7,7,6,15,0,0,0,0.228,0.312,0.372,0.683,0.300,89,0.1,599.9,4.40,2.21,1.70,19318
Justin Upton,,61,239,210,47,9,0,11,30,31,24,69,3,2,1,0.225,0.310,0.427,0.737,0.316,100,0.1,573.6,4.96,-0.29,0.86,5222
Drew Ellis,ARI,32,122,108,23,5,0,4,14,13,12,37,2,0,0,0.213,0.301,0.376,0.677,0.297,82,0.1,999.0,3.92,1.41,1.37,19873
Andrew Velazquez,LAA,25,84,76,17,4,1,2,9,8,7,27,0,5,1,0.223,0.286,0.351,0.637,0.279,74,0.1,600.9,3.92,1.51,1.76,14196
Jake Burger,CHW,10,39,36,8,2,0,2,5,5,3,11,0,0,0,0.239,0.293,0.452,0.745,0.317,99,0.1,598.1,5.06,2.33,1.80,22275
Jake Rogers,DET,10,38,33,7,1,0,1,4,4,3,12,0,0,0,0.202,0.282,0.361,0.643,0.282,76,0.1,600.8,3.10,1.41,1.78,19452
Colton Welker,COL,53,185,169,45,10,1,5,22,23,14,41,1,1,0,0.264,0.324,0.414,0.738,0.318,85,0.1,599.7,4.79,0.28,1.33,19961
Jacob Nottingham,BAL,25,90,81,16,3,0,3,10,11,6,31,2,1,0,0.203,0.274,0.355,0.629,0.275,70,0.1,600.5,3.64,1.29,1.52,16448
Corey Dickerson,STL,81,314,291,77,16,2,8,35,33,20,57,2,4,2,0.265,0.315,0.416,0.731,0.314,97,0.1,580.7,3.43,-0.64,1.09,10762
Cody Thomas,OAK,13,53,49,11,3,0,3,6,6,4,18,0,0,0,0.218,0.280,0.445,0.724,0.307,98,0.1,999.0,4.23,-0.10,1.72,sa738459
Maikel Franco,WSN,79,308,283,68,14,0,10,30,38,20,50,2,0,0,0.239,0.290,0.400,0.689,0.294,81,0.1,584.7,4.86,0.98,0.78,12179
Nick Allen,OAK,35,138,127,29,6,1,2,13,11,8,30,1,3,1,0.230,0.281,0.334,0.615,0.269,72,0.1,999.0,2.50,0.49,1.56,sa3004723
Richie Palacios,CLE,9,33,29,7,2,0,1,4,3,3,6,0,1,0,0.254,0.333,0.393,0.726,0.318,101,0.1,600.8,4.60,3.07,1.89,sa3006908
Willians Astudillo,MIA,15,55,53,14,2,0,2,6,6,1,4,1,0,0,0.261,0.293,0.398,0.691,0.297,88,0.1,600.4,4.70,1.13,1.80,15608
Jack Mayfield,LAA,32,121,111,25,5,0,4,13,14,7,28,1,2,1,0.225,0.275,0.386,0.661,0.284,78,0.1,601.0,3.80,1.93,1.47,15402
Renato Núñez,,20,76,69,16,3,0,3,9,10,5,20,1,0,0,0.238,0.303,0.435,0.739,0.317,100,0.1,599.6,6.59,3.04,1.64,14503
Brian Goodwin,,44,168,149,35,8,1,5,20,19,16,45,1,2,1,0.232,0.310,0.395,0.705,0.306,91,0.1,600.6,2.20,0.82,1.28,12858
Danny Mendick,CHW,26,93,83,19,4,0,2,10,8,7,20,1,1,0,0.233,0.301,0.342,0.643,0.284,77,0.1,999.0,4.20,0.94,1.63,18889
Derek Hill,DET,25,87,80,19,3,1,2,10,8,6,26,1,3,1,0.238,0.294,0.379,0.673,0.293,84,0.1,999.0,4.36,1.24,1.73,16947
Tyler Freeman,CLE,7,24,22,6,2,0,0,3,2,1,3,1,0,0,0.286,0.329,0.400,0.729,0.316,99,0.1,999.0,2.00,4.18,1.94,sa3004755
Josh Jung,TEX,13,54,49,13,3,0,2,6,7,4,13,1,0,0,0.254,0.317,0.419,0.736,0.317,101,0.1,553.2,7.26,2.51,1.77,sa3011468
Jake Marisnick,PIT,37,119,108,24,5,0,3,14,13,7,36,2,2,0,0.220,0.282,0.365,0.647,0.282,77,0.1,999.0,4.44,-0.39,1.49,11339
Vimael Machín,OAK,14,53,47,11,3,0,1,6,4,5,12,0,0,0,0.241,0.310,0.349,0.659,0.290,86,0.1,999.0,3.40,-0.01,1.80,17684
Tres Barrera,WSN,17,62,56,12,3,0,1,6,6,5,14,1,0,0,0.223,0.303,0.329,0.633,0.282,73,0.1,999.0,2.70,0.82,1.72,19977
Aramis Garcia,CIN,35,129,118,26,5,0,4,13,14,7,39,2,0,0,0.217,0.271,0.355,0.626,0.273,63,0.1,599.8,2.99,1.80,1.39,16925
Patrick Mazeika,NYM,11,38,35,8,2,0,1,4,4,3,8,0,0,0,0.227,0.291,0.377,0.668,0.290,81,0.1,999.0,2.72,1.36,1.81,18142
José Godoy,MIN,11,35,33,8,1,0,1,4,4,2,8,0,0,0,0.239,0.289,0.356,0.644,0.281,76,0.1,999.0,2.56,3.08,1.84,15808
Zack Short,DET,9,34,29,6,1,0,1,4,4,4,10,0,0,0,0.212,0.304,0.380,0.684,0.298,87,0.1,999.0,3.20,0.87,1.82,19562
Nomar Mazara,SDP,45,178,162,39,8,1,5,19,21,13,44,2,1,0,0.243,0.305,0.401,0.707,0.304,91,0.1,600.6,2.60,0.37,1.28,14553
Ryan McKenna,BAL,19,65,57,13,3,0,2,8,7,7,20,0,1,0,0.230,0.318,0.389,0.706,0.309,93,0.1,999.0,4.00,0.90,1.73,19928
Alex Jackson,MIL,11,37,33,6,1,0,1,4,4,3,15,1,0,0,0.188,0.274,0.360,0.634,0.278,76,0.1,999.0,2.37,0.89,1.76,17276
Tim Locastro,NYY,36,123,110,26,5,1,2,15,10,8,25,4,5,1,0.237,0.309,0.354,0.662,0.293,83,0.1,600.2,2.75,0.09,1.64,15124
Eli White,TEX,36,140,125,27,5,1,3,16,12,11,41,2,3,1,0.215,0.289,0.350,0.639,0.281,77,0.1,600.5,3.64,1.68,1.43,19346
Emmanuel Rivera,KCR,24,93,87,22,5,0,3,11,11,6,20,1,1,0,0.253,0.304,0.416,0.720,0.310,94,0.1,999.0,4.19,1.28,1.65,19890
Korey Lee,HOU,6,24,22,5,1,0,1,3,3,2,5,0,0,0,0.235,0.288,0.385,0.673,0.288,84,0.1,999.0,3.64,3.66,1.88,sa3010034
Jason Vosler,SFG,12,41,37,9,2,0,1,5,5,3,10,0,0,0,0.233,0.298,0.391,0.689,0.298,86,0.1,999.0,3.67,1.46,1.81,16686
Curtis Terry,MIN,9,34,31,7,2,0,1,4,4,2,9,1,0,0,0.226,0.287,0.408,0.695,0.300,89,0.1,999.0,3.61,3.41,1.82,18881
José Devers,MIA,34,90,81,21,4,0,1,11,8,6,18,1,1,0,0.254,0.311,0.343,0.654,0.287,82,0.1,999.0,2.16,-0.06,1.70,20540
Brett Cumberland,BAL,9,31,27,5,1,0,1,3,3,3,10,1,0,0,0.192,0.293,0.344,0.637,0.283,76,0.1,999.0,1.59,2.95,1.82,sa915611
Ernie Clement,CLE,25,92,84,21,4,0,1,10,8,5,13,1,1,1,0.253,0.300,0.344,0.644,0.282,77,0.1,999.0,2.18,-0.20,1.72,20352
Jordan Groshans,TOR,7,24,22,5,1,0,1,3,3,2,6,0,0,0,0.247,0.307,0.390,0.698,0.303,87,0.1,600.8,2.05,2.73,1.88,sa3006893
Rafael Marchan,PHI,13,47,43,10,2,0,1,5,4,3,9,0,0,0,0.236,0.294,0.325,0.619,0.274,68,0.1,999.0,2.78,1.19,1.80,21646
Connor Wong,BOS,8,27,26,6,1,0,1,3,3,1,9,0,0,0,0.241,0.279,0.404,0.683,0.293,80,0.1,999.0,3.21,3.10,1.87,19896
Alejo Lopez,CIN,8,25,23,7,1,0,0,3,3,2,4,0,0,0,0.292,0.354,0.367,0.721,0.319,93,0.1,999.0,4.51,2.37,1.92,21127
Ehire Adrianza,WSN,61,194,173,42,9,1,4,23,19,17,39,2,1,1,0.243,0.316,0.371,0.687,0.301,85,0.1,999.0,2.03,-1.13,1.25,8418
Donovan Walton,SEA,7,24,22,5,1,0,1,3,2,2,4,0,0,0,0.240,0.312,0.378,0.690,0.302,95,0.1,999.0,3.95,2.70,1.89,19314
Romy Gonzalez,CHW,11,43,39,9,2,0,2,5,5,3,13,0,1,0,0.229,0.288,0.393,0.681,0.294,84,0.1,999.0,4.29,2.16,1.81,21562
Marwin Gonzalez,NYY,30,116,105,24,5,0,3,12,12,8,27,2,1,0,0.230,0.297,0.367,0.664,0.290,81,0.1,600.3,3.12,0.49,1.52,5497
Mario Feliciano,MIL,7,25,23,5,1,0,1,3,3,1,7,0,0,0,0.231,0.276,0.423,0.698,0.297,83,0.1,999.0,3.03,2.31,1.87,20263
Charlie Culberson,TEX,42,139,128,30,6,1,3,14,14,8,36,1,3,1,0.235,0.285,0.368,0.653,0.283,79,0.1,600.8,2.92,-0.14,1.51,3298
Oswaldo Cabrera,NYY,9,32,29,7,2,0,1,4,3,2,8,0,1,0,0.233,0.282,0.389,0.670,0.288,80,0.1,999.0,5.60,3.50,1.86,sa916954
Yadiel Hernandez,WSN,93,335,301,77,12,1,11,40,40,27,78,2,3,1,0.256,0.316,0.416,0.732,0.314,94,0.1,596.3,5.14,0.93,0.79,19334
Michael Stefanic,LAA,8,31,28,7,1,0,1,3,3,2,5,0,0,0,0.261,0.321,0.377,0.698,0.305,92,0.1,999.0,4.22,4.14,1.89,sa3008479
Rodolfo Castro,PIT,14,50,47,11,3,0,2,5,7,3,13,0,0,0,0.225,0.270,0.403,0.672,0.287,79,0.1,999.0,4.13,1.25,1.75,21987
José Peraza,NYY,13,45,42,11,2,0,1,5,4,2,7,1,1,0,0.252,0.301,0.379,0.680,0.295,84,0.1,600.8,3.02,1.78,1.84,13593
Daz Cameron,DET,20,76,69,16,4,0,2,9,7,6,22,1,3,1,0.228,0.301,0.385,0.686,0.299,88,0.1,600.7,4.11,0.55,1.72,18353
Gilberto Celestino,MIN,10,37,34,8,2,0,1,4,4,3,8,0,0,0,0.249,0.307,0.395,0.703,0.305,92,0.1,999.0,3.38,1.30,1.85,20233
Taylor Jones,HOU,17,67,60,14,3,0,2,7,8,6,18,0,0,0,0.240,0.310,0.388,0.698,0.303,94,0.1,999.0,4.37,1.25,1.70,19533
Austin Romine,LAA,18,62,58,13,2,0,2,6,7,3,18,0,0,0,0.226,0.265,0.348,0.613,0.266,65,0.1,999.0,2.55,0.37,1.71,5491
Estevan Florial,NYY,20,73,66,14,3,0,2,9,8,7,25,0,2,0,0.213,0.288,0.360,0.648,0.284,77,0.1,600.9,3.76,0.47,1.68,19151
Heliot Ramos,SFG,21,84,77,18,4,0,2,9,8,6,25,1,2,1,0.238,0.296,0.380,0.676,0.293,83,0.1,999.0,3.44,2.66,1.69,sa3004693
Royce Lewis,MIN,8,30,27,7,1,0,1,4,3,2,7,0,1,0,0.242,0.293,0.382,0.675,0.291,83,0.1,999.0,2.93,1.95,1.88,sa3004259
Isan Díaz,MIA,14,45,39,8,2,0,1,5,4,5,12,0,0,0,0.210,0.299,0.356,0.655,0.288,82,0.1,600.5,2.52,1.76,1.77,17922
TJ Friedl,CIN,17,61,53,13,2,0,2,7,5,5,10,1,1,0,0.246,0.323,0.386,0.709,0.309,87,0.1,600.9,4.65,1.07,1.80,19522
Billy McKinney,OAK,27,96,85,18,4,1,3,10,10,9,24,1,1,0,0.213,0.294,0.387,0.681,0.295,90,0.1,599.2,2.84,1.53,1.54,15654
Eguy Rosario,SDP,7,24,22,5,1,0,0,3,2,2,6,0,1,0,0.243,0.300,0.370,0.670,0.291,81,0.1,999.0,5.28,3.34,1.91,sa917140
Yermín Mercedes,CHW,8,27,25,6,1,0,1,3,3,2,5,0,0,0,0.255,0.305,0.411,0.716,0.308,93,0.1,599.8,3.78,3.49,1.88,17423
Pablo Reyes,MIL,12,37,34,8,2,0,1,4,4,3,7,0,1,0,0.229,0.287,0.372,0.659,0.286,76,0.1,999.0,2.89,0.87,1.84,16357
Tucupita Marcano,PIT,11,35,32,8,2,0,0,4,3,3,5,0,0,0,0.255,0.317,0.328,0.645,0.287,78,0.1,600.6,4.29,1.70,1.87,22871
Elehuris Montero,COL,7,26,23,6,1,0,1,3,3,2,6,0,0,0,0.258,0.315,0.443,0.758,0.324,89,0.0,600.0,5.79,3.58,1.88,sa872477
Pedro Leon,HOU,7,24,21,5,1,0,1,3,2,2,7,0,1,0,0.219,0.289,0.363,0.652,0.284,81,0.0,999.0,1.98,2.72,1.89,sa3014838
Ali Sánchez,STL,9,31,29,7,1,0,0,3,3,2,6,0,0,0,0.241,0.287,0.316,0.602,0.266,65,0.0,999.0,2.05,0.89,1.88,18551
Rylan Bannon,BAL,14,54,49,11,2,0,2,6,6,5,13,0,1,0,0.216,0.290,0.359,0.649,0.284,76,0.0,600.3,4.41,1.09,1.74,sa3004162
Harold Ramirez,TBR,43,171,160,44,9,1,4,19,20,8,31,2,1,1,0.271,0.313,0.416,0.729,0.314,97,0.0,592.0,3.44,1.78,1.50,14387
Jonathan Araúz,BOS,7,25,23,5,1,0,0,3,3,2,5,0,0,0,0.238,0.301,0.358,0.659,0.289,77,0.0,999.0,4.41,0.99,1.87,20275
Khris Davis,,34,125,112,26,5,0,6,15,17,10,34,1,0,0,0.228,0.299,0.433,0.732,0.312,101,0.0,999.0,3.06,0.44,1.37,9112
Tyler Nevin,BAL,21,74,68,16,3,0,2,8,8,6,17,1,0,0,0.232,0.300,0.379,0.679,0.296,85,0.0,999.0,3.38,3.07,1.67,17893
Daniel Robertson,MIN,23,57,50,11,2,0,1,6,4,6,15,1,0,0,0.219,0.315,0.313,0.629,0.282,77,0.0,999.0,1.98,-1.70,1.74,14145
Alan Trejo,COL,21,69,64,16,4,0,2,8,8,3,17,1,0,0,0.244,0.284,0.407,0.692,0.295,70,0.0,999.0,2.89,0.95,1.72,20056
Oswald Peraza,NYY,5,20,19,5,1,0,0,2,2,1,4,0,1,0,0.247,0.298,0.366,0.664,0.289,80,0.0,600.2,5.54,3.32,1.92,sa3003305
Chris Owings,BAL,20,68,62,13,3,0,2,7,6,5,21,0,2,1,0.217,0.282,0.363,0.646,0.276,71,0.0,600.9,3.48,1.52,1.72,10030
Drew Waters,ATL,6,27,25,6,2,0,0,3,2,2,9,0,1,0,0.238,0.299,0.367,0.667,0.291,78,0.0,600.5,4.35,1.85,1.89,sa3004378
Joe Panik,,37,133,121,29,6,0,2,13,12,11,18,1,1,0,0.242,0.308,0.337,0.645,0.284,80,0.0,999.0,1.76,-0.23,1.54,11936
Taylor Trammell,SEA,12,46,41,8,2,0,1,5,5,5,15,0,1,0,0.206,0.291,0.350,0.641,0.283,82,0.0,600.9,3.83,2.01,1.77,19960
Micker Adolfo,CHW,6,25,23,5,1,0,1,3,3,2,9,0,0,0,0.225,0.282,0.472,0.753,0.318,99,0.0,999.0,3.45,1.42,1.85,sa830303
Ryan McBroom,,13,28,26,6,1,0,1,3,3,2,9,0,0,0,0.227,0.284,0.377,0.662,0.287,79,0.0,999.0,5.71,3.47,1.85,16524
Yairo Muñoz,PHI,9,29,27,7,1,0,1,3,3,1,6,0,0,0,0.256,0.295,0.377,0.672,0.291,79,0.0,999.0,3.90,2.65,1.89,16313
Zach Reks,TEX,11,41,37,8,2,0,1,5,4,4,15,1,0,0,0.223,0.303,0.389,0.691,0.302,91,0.0,999.0,3.96,1.92,1.79,19667
Mark Kolozsvary,CIN,7,28,25,5,1,0,1,3,3,2,9,1,0,0,0.193,0.277,0.336,0.613,0.272,63,0.0,999.0,1.71,0.10,1.83,sa3004996
Greg Bird,NYY,11,42,37,8,2,0,2,5,5,4,12,0,0,0,0.217,0.298,0.406,0.704,0.304,88,0.0,600.8,3.67,1.84,1.76,14131
Ronald Guzmán,NYY,11,35,31,7,1,0,1,4,4,3,10,0,0,0,0.223,0.301,0.399,0.700,0.304,90,0.0,999.0,3.49,2.95,1.81,14388
Rob Refsnyder,BOS,16,61,54,13,3,0,2,7,6,5,16,0,0,0,0.248,0.315,0.388,0.703,0.304,87,0.0,999.0,3.13,-0.23,1.76,13770
Nick Maton,PHI,18,67,59,13,3,0,1,7,7,6,19,1,1,0,0.216,0.296,0.341,0.637,0.282,73,0.0,999.0,2.98,0.64,1.70,21635
Mickey Moniak,PHI,38,123,112,25,5,1,4,13,14,8,37,1,1,1,0.223,0.282,0.390,0.672,0.289,77,0.0,593.3,3.36,1.67,1.44,19956
Kody Clemens,DET,9,35,32,7,2,0,1,4,4,3,9,0,0,0,0.224,0.281,0.367,0.648,0.281,76,0.0,999.0,3.76,1.97,1.82,sa3008002
Jose Rojas,LAA,29,109,100,23,5,0,4,13,12,8,27,1,1,1,0.227,0.287,0.398,0.685,0.296,85,0.0,600.7,4.21,2.46,1.50,19331
Jake McCarthy,ARI,78,293,263,60,12,3,7,34,28,23,84,3,13,3,0.228,0.298,0.381,0.679,0.296,81,0.0,601.0,3.10,0.90,1.41,21622
Travis Shaw,BOS,31,117,103,23,5,0,4,14,15,12,31,1,0,0,0.223,0.313,0.400,0.713,0.309,91,0.0,600.7,3.58,-0.46,1.41,11982
Jahmai Jones,BAL,16,59,53,12,2,0,1,6,6,5,16,0,1,0,0.227,0.294,0.345,0.639,0.282,75,0.0,601.0,3.35,1.34,1.77,18872
Wyatt Mathisen,SFG,9,26,22,5,1,0,1,3,3,2,8,1,0,0,0.217,0.309,0.363,0.672,0.297,85,0.0,999.0,2.81,1.24,1.86,14555
Lucius Fox,WSN,11,46,41,9,2,0,1,5,4,4,12,1,2,0,0.221,0.301,0.330,0.631,0.281,72,0.0,999.0,3.17,1.65,1.83,sa914200
Mason Martin,PIT,29,114,103,22,5,0,5,13,15,9,39,2,1,0,0.219,0.290,0.415,0.706,0.303,89,0.0,591.7,4.11,1.79,1.41,sa3004885
John Nogowski,ATL,11,35,31,8,1,0,1,4,4,3,6,1,0,0,0.241,0.320,0.354,0.674,0.298,83,0.0,600.8,2.98,2.37,1.84,16852
Ildemaro Vargas,CHC,12,38,36,9,2,0,1,4,3,2,6,0,0,0,0.236,0.275,0.344,0.618,0.267,66,0.0,999.0,3.10,2.55,1.84,13324
Max Moroff,,9,30,26,5,1,0,1,3,3,3,10,0,0,0,0.208,0.302,0.363,0.665,0.293,83,0.0,999.0,9.37,1.53,1.83,14556
Delino DeShields,ATL,9,27,24,5,1,0,0,3,2,3,7,0,1,0,0.224,0.311,0.316,0.628,0.280,77,0.0,999.0,3.65,2.34,1.91,11379
Lewis Brinson,HOU,20,73,67,15,3,0,2,8,8,4,20,1,1,0,0.224,0.272,0.374,0.646,0.279,77,0.0,600.9,2.55,1.77,1.66,14352
Chance Sisco,MIN,15,50,43,9,2,0,1,5,5,5,15,1,0,0,0.202,0.300,0.333,0.633,0.283,82,0.0,601.0,2.26,2.06,1.74,15694
Webster Rivas,SDP,8,25,23,5,1,0,0,2,2,2,6,0,0,0,0.223,0.286,0.316,0.602,0.266,65,0.0,999.0,1.69,0.59,1.87,14636
Daniel Johnson,CLE,14,43,39,9,2,0,1,5,5,3,14,1,1,0,0.226,0.287,0.391,0.679,0.294,85,0.0,999.0,1.43,-1.82,1.80,19643
Harold Castro,DET,48,179,168,43,7,1,2,17,16,8,38,1,1,0,0.258,0.292,0.347,0.639,0.278,74,0.0,600.4,2.89,-0.22,1.49,14691
Matt Carpenter,TEX,32,105,89,18,4,0,3,12,11,14,31,2,1,0,0.206,0.322,0.364,0.686,0.302,92,0.0,599.4,2.32,0.36,1.46,8090
Eric Sogard,,28,96,87,21,4,0,1,10,8,7,16,1,1,0,0.242,0.301,0.329,0.629,0.276,72,0.0,999.0,2.15,-0.31,1.68,7927
Sebastian Rivero,KCR,7,24,23,5,1,0,0,2,2,1,7,0,0,0,0.217,0.269,0.317,0.586,0.257,59,0.0,999.0,2.38,-0.03,1.87,21735
Taylor Motter,,9,22,20,4,1,0,1,2,2,2,6,0,0,0,0.209,0.288,0.374,0.663,0.288,77,0.0,999.0,2.29,2.57,1.87,12399
Yonathan Daza,COL,54,198,183,51,10,1,2,21,18,11,35,1,3,1,0.277,0.321,0.380,0.701,0.305,76,0.0,600.5,4.00,-0.26,1.59,15794
Otto Lopez,TOR,7,21,19,5,1,0,0,3,2,1,6,0,0,0,0.251,0.301,0.342,0.643,0.282,73,0.0,999.0,5.89,2.64,1.91,19608
Juan Lagares,,30,102,94,23,5,1,2,11,11,5,24,1,1,0,0.249,0.293,0.386,0.679,0.292,83,0.0,999.0,2.98,-0.14,1.62,5384
Rio Ruiz,,11,31,28,7,1,0,1,3,3,2,7,0,0,0,0.233,0.288,0.385,0.673,0.290,67,0.0,999.0,3.03,3.18,1.85,14103
Ryan O'Hearn,KCR,33,121,109,25,5,0,5,12,15,10,32,1,0,0,0.230,0.300,0.409,0.708,0.305,91,0.0,600.0,2.88,1.03,1.45,16442
Grayson Greiner,ARI,7,26,24,5,1,0,1,2,2,2,9,0,0,0,0.201,0.267,0.345,0.613,0.268,64,0.0,999.0,1.76,0.58,1.85,17062
Brock Holt,,31,106,93,22,4,0,1,11,8,10,21,1,2,0,0.231,0.312,0.321,0.633,0.284,73,0.0,999.0,2.26,0.24,1.63,9345
Alfonso Rivas,CHC,23,85,76,19,4,0,1,9,8,8,22,1,0,0,0.247,0.329,0.351,0.680,0.302,89,0.0,999.0,2.86,0.91,1.68,21560
Luke Williams,SFG,23,75,68,15,3,0,1,8,7,6,17,0,2,0,0.224,0.292,0.311,0.603,0.269,67,0.0,999.0,4.57,0.65,1.74,19931
Evan White,SEA,13,50,46,10,2,0,2,5,6,3,15,0,0,0,0.222,0.273,0.397,0.670,0.288,85,0.0,600.9,3.67,0.11,1.74,20078
Asdrúbal Cabrera,CIN,58,228,203,48,11,0,7,26,27,21,51,1,1,0,0.237,0.310,0.396,0.706,0.304,84,0.0,600.7,4.49,-0.11,1.01,4962
Christin Stewart,BOS,13,46,41,9,2,0,2,5,6,4,14,1,0,0,0.225,0.295,0.424,0.719,0.307,89,0.0,999.0,4.59,3.82,1.76,17714
Josh Palacios,TOR,14,55,48,11,2,0,1,6,5,5,14,1,1,0,0.230,0.302,0.359,0.660,0.289,78,0.0,999.0,4.12,0.99,1.78,19818
Luke Raley,TBR,29,98,89,20,4,1,4,11,12,6,30,3,1,1,0.225,0.296,0.404,0.700,0.303,90,0.0,601.0,4.41,2.33,1.54,19354
Miguel Andújar,NYY,27,101,94,25,5,0,4,12,13,5,17,0,0,0,0.263,0.302,0.442,0.743,0.317,99,0.0,598.3,3.85,0.07,1.61,15878
Max Schrock,CIN,27,95,88,22,4,0,2,11,9,6,18,1,1,0,0.252,0.307,0.382,0.689,0.299,81,0.0,600.6,3.46,-0.16,1.67,17750
Eric Thames,OAK,68,252,222,48,10,1,10,28,29,25,78,4,1,0,0.215,0.305,0.401,0.706,0.305,96,0.0,595.1,5.90,-0.30,0.82,3711
Tony Wolters,LAD,6,20,18,4,0,0,0,2,2,2,5,0,0,0,0.206,0.282,0.249,0.532,0.241,48,0.0,999.0,2.81,0.90,1.89,11470
Danny Santana,,12,46,43,10,2,0,2,6,5,3,13,0,1,0,0.237,0.288,0.410,0.698,0.298,83,0.0,999.0,6.29,0.85,1.81,10322
Franchy Cordero,BOS,9,32,29,7,2,0,1,4,4,2,10,0,0,0,0.243,0.303,0.374,0.677,0.294,80,0.0,999.0,4.49,2.29,1.85,14567
Michael Chavis,PIT,88,340,313,75,14,2,12,40,41,19,102,5,3,1,0.240,0.291,0.413,0.704,0.302,88,0.0,586.7,3.66,-0.18,0.61,17321
Ender Inciarte,NYY,7,23,21,5,1,0,0,2,2,2,5,0,0,0,0.226,0.289,0.302,0.592,0.262,63,0.0,600.0,2.75,0.57,1.90,4922
Brendon Davis,LAA,6,21,19,4,1,0,1,2,2,2,6,0,0,0,0.225,0.291,0.371,0.662,0.288,81,0.0,999.0,4.52,3.55,1.89,sa875089
DJ Peters,,11,42,39,8,2,0,2,6,7,2,15,1,0,0,0.210,0.268,0.424,0.692,0.294,86,0.0,600.5,3.12,2.65,1.72,19348
Taylor Davis,PIT,8,26,24,5,1,0,0,2,2,2,4,0,0,0,0.229,0.300,0.304,0.604,0.270,67,0.0,999.0,2.06,0.56,1.88,12782
Kyle Garlick,MIN,18,55,51,11,3,0,2,7,7,3,17,0,0,0,0.221,0.272,0.418,0.690,0.294,85,0.0,999.0,3.90,0.21,1.70,18063
Anthony Bemboom,BAL,13,46,41,8,1,0,1,4,4,4,12,0,0,0,0.197,0.268,0.270,0.538,0.242,48,0.0,999.0,2.68,0.23,1.76,13854
Jake Bauers,CIN,10,33,29,7,1,0,1,4,3,3,8,0,1,0,0.230,0.318,0.380,0.698,0.306,85,0.0,600.8,4.20,2.08,1.85,15194
Seby Zavala,CHW,20,74,67,12,3,0,3,8,8,5,31,1,0,0,0.184,0.250,0.347,0.597,0.260,61,0.0,600.9,4.82,1.46,1.55,18887
Hunter Owen,PIT,10,28,26,5,1,0,1,3,3,2,12,1,0,0,0.204,0.266,0.356,0.623,0.271,68,0.0,999.0,2.83,3.03,1.83,20034
Jake Lamb,LAD,27,99,86,19,4,0,3,12,12,11,27,1,0,0,0.215,0.310,0.386,0.696,0.299,87,0.0,999.0,1.90,1.12,1.46,13329
Luis Barrera,OAK,26,85,78,18,4,0,1,8,6,6,19,0,1,0,0.227,0.281,0.336,0.617,0.271,73,0.0,999.0,3.15,0.10,1.70,19615
Jose Lobaton,,8,24,21,4,1,0,1,2,2,2,8,0,0,0,0.204,0.279,0.324,0.603,0.260,61,0.0,999.0,1.33,0.25,1.86,4243
David Dahl,MIL,6,26,23,6,2,0,0,3,3,2,6,0,0,0,0.245,0.294,0.374,0.668,0.289,78,0.0,600.2,4.00,1.00,1.87,13744
Adam Haseley,CHW,15,52,48,11,2,0,1,5,5,3,11,0,1,0,0.231,0.281,0.364,0.645,0.279,74,0.0,600.9,4.10,1.06,1.78,19878
Phil Gosselin,ATL,15,57,53,13,2,0,1,7,6,4,13,0,0,0,0.248,0.303,0.362,0.665,0.291,78,0.0,598.4,3.91,0.19,1.77,10953
Robel García,CHC,7,22,19,4,1,0,1,2,2,2,8,0,0,0,0.184,0.259,0.338,0.596,0.261,61,0.0,999.0,1.92,2.27,1.86,13167
Mallex Smith,TOR,5,21,19,4,1,0,0,3,2,2,5,0,1,0,0.235,0.305,0.322,0.627,0.279,71,0.0,999.0,7.08,1.88,1.92,13608
José Rondón,,18,43,39,9,2,0,1,5,5,3,10,0,1,0,0.228,0.281,0.380,0.661,0.285,78,0.0,999.0,1.42,1.98,1.81,14140
Chad Wallach,LAA,14,44,39,7,1,0,1,4,4,4,15,1,0,0,0.188,0.264,0.327,0.591,0.260,61,0.0,999.0,2.01,2.41,1.75,17161
Pete Kozma,,11,32,30,6,1,0,0,2,2,2,8,0,0,0,0.192,0.245,0.257,0.502,0.217,36,0.0,999.0,1.48,-1.31,1.84,2539
Trent Giambrone,CHC,10,33,30,6,1,0,1,3,3,2,10,0,0,0,0.197,0.263,0.325,0.588,0.259,60,0.0,999.0,2.72,0.74,1.83,19250
Jared Oliva,PIT,19,59,55,13,3,1,1,6,5,4,16,1,3,0,0.230,0.290,0.334,0.624,0.275,70,0.0,999.0,2.68,0.11,1.83,19968
Jarrod Dyson,,30,87,79,17,3,1,1,10,6,7,18,0,5,1,0.218,0.283,0.303,0.586,0.260,58,0.0,999.0,2.41,-0.22,1.81,4866
Jake Hager,ARI,18,46,43,9,2,0,1,4,4,3,15,0,0,0,0.199,0.251,0.319,0.571,0.250,51,0.0,999.0,3.04,1.82,1.76,12198
Khalil Lee,NYM,12,41,35,7,2,0,1,5,3,5,15,1,1,0,0.211,0.316,0.306,0.622,0.283,76,0.0,596.7,3.68,0.99,1.79,19952
Ian Desmond,COL,7,25,23,6,1,0,1,3,3,2,6,0,0,0,0.251,0.310,0.422,0.732,0.315,83,0.0,999.0,5.58,2.94,1.88,6885
Travis Jankowski,NYM,23,73,64,15,3,0,0,8,5,8,16,0,3,0,0.236,0.323,0.300,0.623,0.282,76,-0.1,999.0,3.93,0.05,1.79,13768
Roman Quinn,,11,38,34,7,1,0,1,4,3,3,11,1,2,0,0.214,0.295,0.310,0.605,0.272,72,-0.1,999.0,2.53,-0.12,1.88,13546
Ronald Torreyes,PHI,18,64,60,14,3,0,1,7,6,3,8,0,0,0,0.237,0.277,0.319,0.597,0.262,60,-0.1,600.9,4.33,0.24,1.73,11400
Richie Martin,BAL,30,108,98,22,4,1,2,11,8,7,27,2,2,1,0.222,0.283,0.321,0.604,0.267,65,-0.1,999.0,3.60,2.56,1.62,17736
Brandon Drury,CIN,16,53,49,11,3,0,1,6,6,3,13,0,0,0,0.227,0.276,0.367,0.644,0.277,66,-0.1,999.0,4.68,1.07,1.74,11615
Donovan Casey,WSN,8,32,29,7,1,0,1,3,3,2,11,0,1,0,0.222,0.270,0.358,0.628,0.272,67,-0.1,999.0,3.79,2.34,1.86,sa915654
Drew Butera,,9,30,27,5,1,0,0,3,2,2,10,0,0,0,0.181,0.233,0.281,0.515,0.226,39,-0.1,999.0,1.63,0.05,1.83,3411
Wilmer Difo,ARI,35,115,103,25,4,1,2,13,10,9,25,1,1,0,0.241,0.299,0.354,0.653,0.277,69,-0.1,999.0,2.23,-0.39,1.58,14320
Billy Hamilton,SEA,17,57,51,10,2,0,0,6,4,4,16,0,3,0,0.203,0.261,0.258,0.518,0.233,48,-0.1,600.4,3.94,0.89,1.83,10199
Anthony Alford,PIT,92,336,302,68,14,2,10,39,35,28,115,5,11,4,0.225,0.301,0.383,0.684,0.299,86,-0.1,581.9,2.73,-0.07,1.15,14329
Scott Kingery,PHI,17,44,41,9,2,0,1,5,4,3,15,0,1,0,0.221,0.279,0.374,0.653,0.283,74,-0.1,601.0,2.48,3.62,1.79,17975
Matt Joyce,PHI,23,70,60,14,3,0,2,8,7,9,17,1,0,0,0.224,0.329,0.366,0.696,0.307,89,-0.1,999.0,2.40,-0.06,1.67,3353
Jake Cave,MIN,22,74,67,15,3,0,2,8,8,5,24,1,0,0,0.224,0.289,0.356,0.646,0.283,77,-0.1,999.0,3.41,0.33,1.65,14477
Steven Souza Jr.,SEA,15,49,43,8,1,0,1,6,5,5,17,1,0,0,0.191,0.282,0.315,0.597,0.266,70,-0.1,999.0,3.92,1.29,1.71,5667
Andrew Knapp,PIT,24,77,68,14,3,0,1,8,7,8,25,1,0,0,0.200,0.287,0.315,0.602,0.267,60,-0.1,600.9,3.32,-0.02,1.59,14942
Yusniel Diaz,BAL,11,42,38,8,2,0,1,4,4,3,12,0,0,0,0.211,0.275,0.347,0.622,0.272,68,-0.1,999.0,1.38,0.43,1.79,sa912848
Guillermo Heredia,ATL,47,163,144,33,8,0,3,20,14,14,37,4,1,0,0.230,0.311,0.350,0.661,0.292,78,-0.1,999.0,2.72,0.30,1.30,18721
Alex Blandino,SFG,19,47,40,8,2,0,1,5,3,5,14,1,0,0,0.209,0.312,0.298,0.609,0.278,73,-0.1,999.0,2.18,-1.26,1.78,16271
Colin Moran,CIN,93,356,320,81,14,0,13,40,49,31,87,3,1,0,0.253,0.322,0.425,0.747,0.322,95,-0.1,576.1,6.56,0.09,0.64,16909
Shogo Akiyama,,19,68,61,15,3,0,0,7,6,6,14,1,1,0,0.245,0.319,0.323,0.642,0.287,72,-0.1,600.8,5.28,0.54,1.77,27461
Zach McKinstry,LAD,25,83,76,16,3,0,2,10,10,5,21,1,1,0,0.212,0.269,0.350,0.618,0.269,67,-0.1,599.7,4.13,-0.20,1.55,19392
Ryan Vilade,COL,19,64,59,15,3,0,1,7,6,4,12,1,1,0,0.255,0.309,0.357,0.666,0.292,68,-0.1,600.5,4.15,2.52,1.79,22165
Dexter Fowler,TOR,23,90,79,17,3,0,2,11,9,10,24,1,2,0,0.217,0.311,0.358,0.669,0.291,79,-0.1,999.0,7.59,2.05,1.60,4062
Stephen Vogt,OAK,66,232,209,44,10,1,7,21,24,20,55,1,0,0,0.213,0.283,0.367,0.650,0.279,79,-0.1,600.2,2.39,-0.17,0.96,5000
Magneuris Sierra,LAA,19,49,45,10,2,0,0,5,3,3,10,0,2,0,0.233,0.277,0.292,0.570,0.251,55,-0.2,999.0,2.42,2.93,1.87,17023
Andrew Stevenson,WSN,31,102,94,23,6,0,1,12,9,7,27,1,1,0,0.245,0.301,0.350,0.651,0.285,75,-0.2,597.8,7.92,0.04,1.62,17932
Stephen Piscotty,OAK,112,415,379,86,17,1,13,41,46,29,104,4,3,1,0.228,0.290,0.380,0.670,0.290,86,-0.2,595.9,2.36,1.24,0.51,13367
Miguel Cabrera,DET,109,451,406,102,16,0,13,44,55,36,101,4,0,0,0.251,0.314,0.389,0.703,0.302,90,-0.4,557.1,2.78,0.06,0.50,1744
Albert Pujols,STL,47,174,162,38,6,0,7,17,25,9,27,2,1,0,0.233,0.279,0.404,0.683,0.289,80,-0.4,589.8,2.28,0.01,1.24,1177